Order,Category,Subcategory,Style,Brand,Product,Rating,IB,Release,ABV,Age,Interpolated Date,Chang,Canal's Mt. Ephraim,Cask Strength Society,FWGS,Kreston,Mawl's & Seelbach's,PWS,Redstone,Roger Wilco Pennsauken,SJBD 1,SJBD 2,Somerville Super Saver,?,Distillery 1,Distillery 2,Distillery 3,Distillery 4,Distillery 5,Distillery 6,Distillery 7,Distillery 8,Distillery 9
1,Flavored,Canadian,Cinnamon,Fireball,,0.5,,,,,8/23/2014,,,,,,,,,,,,,,,,,,,,,,
2,Scotch,Blended Scotch,,Johnnie Walker,Red Label,2.5,,,,,12/29/2014,,,,,,,,,,,,,,,,,,,,,,
3,Flavored,American,Honey,Jack Daniel's,Tennessee Honey,1,,,,,1/31/2015,,,,,,,,,,,,,,,,,,,,,,
4,American,Tennessee,Budget,Jack Daniel's,Old No. 7,2.5,,,,,8/27/2015,,,,,,,,,,,,,,,,,,,,,,
5,Bourbon,,Wheat,Maker's Mark,,3,,,,,9/4/2015,,,,,,,,,,,,,,,,,,,,,,
6,Irish,Blended,,Bushmills,,,,,,,9/25/2015,,,,,,,,,,,,,,,,,,,,,,
7,American,Blended,Budget,Seagrams,7 Crown,1,,,,,11/14/2015,,,,,,,,,,,,,,,,,,,,,,
8,Scotch,Speyside,Malt,Balvenie,15,,,,,15,12/15/2015,,,,,,,,,,,,,,,,,,,,,,
9,Bourbon,,Budget,Wild Turkey,101,4,,,,,1/30/2016,,,,,,,,,,,,,,,,,,,,,,
10,Scotch,Blended Scotch,,Dewar's,White Label,2,,,,,1/30/2016,,,,,,,,,,,,,,,,,,,,,,
11,Bourbon,,,Knob Creek,,3.5,,,,9,1/30/2016,,,,,,,,,,,,,,,,,,,,,,
12,Scotch,Speyside,Fruit,Glenfiddich,12,3,,,,12,2/1/2016,,,,,,,,,,,,,,,,,,,,,,
13,Bourbon,,Budget,Wild Turkey,81,3,,,,,2/26/2016,,,,,,,,,,,,,,,,,,,,,,
14,Scotch,Speyside,Fruit,Glenlivet,12,2.5,,,,12,3/5/2016,,,,,,,,,,,,,,,,,,,,,,
15,Scotch,Blended Scotch,,Johnnie Walker,Explorers' Club,,,,,,3/14/2016,,,,,,,,,,,,,,,,,,,,,,
16,Flavored,Canadian,Apple,Crown Royal,Apple,2.5,,,,,3/14/2016,,,,,,,,,,,,,,,,,,,,,,
17,Bourbon,,Budget,Jim Beam,White Label,1.5,,,,,3/24/2016,,,,,,,,,,,,,,,,,,,,,,
18,Flavored,Bourbon,Apple,Jim Beam,Apple,2.5,,,,,3/24/2016,,,,,,,,,,,,,,,,,,,,,,
19,Scotch,Speyside,Fruit,Glen Grant,10,2.5,,,,10,3/24/2016,,,,,,,,,,,,,,,,,,,,,,
20,Bourbon,,,Basil Hayden's,,2.5,,,,,3/24/2016,,,,,,,,,,,,,,,,,,,,,,
21,Irish,Blended,,Jameson,,1.5,,,,,3/24/2016,,,,,,,,,,,,,,,,,,,,,,
22,Scotch,Highland,Malt,Glenmorangie,10 Original,3.5,,,,10,3/24/2016,,,,,,,,,,,,,,,,,,,,,,
23,Bourbon,New Jersey,Budget,Banker's Club,,1.5,,,,,4/16/2016,,,,,,,,,,,,,,,,,,,,,,
24,Flavored,Bourbon,Maple,Knob Creek,Maple,2,,,,,4/23/2016,,,,,,,,,,,,,,,,,,,,,,
25,Bourbon,,Budget,Evan Williams,Black Label,2.5,,,,,4/29/2016,,,,,,,,,,,,,,,,,,,,,,
26,Bourbon,,Budget,Eagle Rare,,5,,,,10,5/4/2016,,,,5,,,,5,,,,,,,,,,,,,,
27,Bourbon,,Budget,Buffalo Trace,,3,,,,,5/23/2016,,,,2.5,,,,,,,,,,,,,,,,,,
28,Scotch,Blended Scotch,Light Smoke,Johnnie Walker,Black Label,4,,,,12,6/8/2016,,,,,,,,,,,,,,,,,,,,,,
29,Bourbon,,Budget,Four Roses,Yellow Label,3.5,,,,,6/9/2016,,,,,,,,,,,,,,,,,,,,,,
30,Scotch,Islay,Smoke,Lagavulin,16,4.5,,,,16,6/13/2016,,,,,,,,,,,,,,,,,,,,,,
31,Scotch,Islay,Smoke,Laphroaig,10,2.5,,,,10,6/14/2016,,,,,,,,,,,,,,,,,,,,,,
32,Scotch,Highland,Light Smoke,Oban,14,4,,,,14,6/16/2016,,,,,,,,,,,,,,,,,,,,,,
33,American,Tennessee,,Jack Daniel's,Gentleman Jack,2.5,,,,,6/16/2016,,,,,,,,,,,,,,,,,,,,,,
34,Scotch,Islay,Smoke/Brine,Caol Ila,12,3,,,,12,6/17/2016,,,,,,,,,,,,,,,,,,,,,,
35,Japanese,Blended,,Hibiki,Japanese Harmony,3.5,,,,,7/12/2016,,,,,,,,,,,,,,,,,,,,,,
36,Bourbon,,High Rye,Bulleit,,2,,,,,8/7/2016,,,,,,,,,,,,,,,,,,,,,,
37,Scotch,Blended Scotch,,Dewar's,12,2,,,,12,9/2/2016,,,,,,,,,,,,,,,,,,,,,,
38,Scotch,Blended Scotch,,Dewar's,Scratched Cask,2.5,,,,,9/28/2016,,,,,,,,,,,,,,,,,,,,,,
39,Bourbon,,,Russell's Reserve,10,4,,,,10,10/24/2016,,,,,,,,,,,,,,,,,,,,,,
40,Rye,,,Bulleit,Rye,4,,,,,11/19/2016,,,,,,,,,,,,,,,,,,,,,,
41,Scotch,Islay,Smoke,Ardbeg,10,4,,,,10,11/19/2016,,,,,,,,,,,,,,,,,,,,,,
42,Bourbon,,,Woodford Reserve,,2.5,,,,,11/19/2016,,,,,,,,,,,,,,,,,,,,,,
43,Scotch,Highland,Sherry,Dalmore,12,3.5,,,,12,12/21/2016,,,,,,,,,,,,,,,,,,,,,,
44,Scotch,Island,Light Smoke,Highland Park,12,4.5,,,,12,1/23/2017,,,,,,,,,,,,,,,,,,,,,,
45,Bourbon,,Wheat,Larceny,,3.5,,,,,2/25/2017,,,,,,,,,,,,,,,,,,,,,,
46,Scotch,Highland,,Aberfeldy,12,3,,,,12,3/15/2017,,,,,,,,,,,,,,,,,,,,,,
47,Scotch,Speyside,,Craigellachie,19,,,,,19,3/15/2017,,,,,,,,,,,,,,,,,,,,,,
48,Scotch,Highland,,Royal Brackla,12,,,,,12,3/15/2017,,,,,,,,,,,,,,,,,,,,,,
49,Scotch,Highland,,Glen Deveron,16,,,,,16,3/15/2017,,,,,,,,,,,,,,,,,,,,,,
50,Scotch,Blended Scotch,Smoke,Johnnie Walker,Double Black Label,4.5,,,,12,3/15/2017,,,,,,,,,,,,,,,,,,,,,,
51,Scotch,Island,Medium Smoke/Sherry,Talisker,Dark Storm,5,,,,,3/23/2017,,,,,,,,,,,,,,,,,,,,,,
52,Scotch,Speyside,Sherry,Balvenie,12 Doublewood,4.5,,,,12,3/24/2017,,,,,,,,,,,,,,,,,,,,,,
53,Bourbon,,,Blanton's,Original Single Barrel,4,,,,,3/24/2017,,,,,,,,,,,,,,,,,,,,,,
54,Bourbon,,High Rye,Old Grand Dad,100 Bonded,3,,,,4,4/14/2017,,,,,,,,,,,,,,,,,,,,,,
55,Rye,,,Wild Turkey,Rye,2,,,,,4/9/2017,,,,,,,,,,,,,,,,,,,,,,
56,Bourbon,Pennsylvania,,Social Still,Vault Bourbon,,,,,,5/11/2017,,,,,,,,,,,,,,,,,,,,,,
57,Scotch,Speyside,Sherry,Glenfarclas,12,,,,,12,5/19/2017,,,,,,,,,,,,,,,,,,,,,,
58,Scotch,Islay,Malt/Light Smoke,Bruichladdich,Classic Laddie,4,,,,,5/21/2017,,,,,,,,,,,,,,,,,,,,,,
59,Scotch,Speyside,Fruit,Glenfiddich,18,4.5,,,,18,5/21/2017,,,,,,,,,,,,,,,,,,,,,,
60,Scotch,Speyside,Sherry,Aberlour,A'bunadh,4,,,,,5/23/2017,,,,,,,,,,,,,,,,,,,,,,
61,Scotch,Highland,Sherry,Glenmorangie,Lasanta,4,,,,12,5/25/2017,,,,,,,,,,,,,,,,,,,,,,
62,Scotch,Highland,Port,Glenmorangie,Quinta Ruban 12,5,,,,12,5/25/2017,,,,,,,,,,,,,,,,,,,,,,
63,Scotch,Blended Scotch,,Dimple,15,2,,,,15,5/28/2017,,,,,,,,,,,,,,,,,,,,,,
64,Scotch,Island,Medium Smoke/Brine,Talisker,10,3.5,,,,10,5/30/2017,,,,,,,,,,,,,,,,,,,,,,
65,Scotch,Speyside,Sherry,Macallan,Amber,4,,,,,6/2/2017,,,,,,,,,,,,,,,,,,,,,,
66,Scotch,Islay,Smoke/Sherry,Ardbeg,Uigeadail,4.5,,,,,6/4/2017,,,,,,,,,,,,,,,,,,,,,,
67,Scotch,Islay,Smoke,Laphroaig,Quarter Cask,5,,,,,6/4/2017,,,,,,,,,,,,,,,,,,,,,,
68,Scotch,Speyside,Sherry,Macallan,12 Fine Oak,3,,,,12,6/7/2017,,,,,,,,,,,,,,,,,,,,,,
69,Scotch,Campbeltown,Medium Smoke,Springbank,10,4.5,,,,10,6/7/2017,,,,,,,,,,,,,,,,,,,,,,
70,Scotch,Highland,Brine,Old Pulteney,12,3.5,,,,12,6/7/2017,,,,,,,,,,,,,,,,,,,,,,
71,Scotch,Campbeltown,Medium Smoke,Springbank,15,,,,,15,6/9/2017,,,,,,,,,,,,,,,,,,,,,,
72,Scotch,Islay,Smoke,Lagavulin,12,5,,2017,,12,6/9/2017,,,,,,,,,,,,,,,,,,,,,,
73,Scotch,Island,Light Smoke,Highland Park,18,5,,,,18,6/12/2017,,,,,,,,,,,,,,,,,,,,,,
74,Irish,Single Pot Still,Sherry,Redbreast,12,4.5,,,,12,6/14/2017,,,,,,,,,,,,,,,,,,,,,,
75,Bourbon,,Wheat,W.L. Weller,12,4.5,,,,12,6/14/2017,,,,,,,,,,,,,,,,,,,,,,
76,Bourbon,,,Four Roses,Small Batch,4.5,,,,,6/14/2017,,,,,,,,,,,,,,,,,,,,,,
77,Bourbon,,,Maker's Mark,46,4.5,,,,,6/18/2017,,,,,,,,,,,,,,,,,,,,,,
78,Scotch,Highland,Sherry,Glenmorangie,Duthac,,,,,,6/30/2017,,,,,,,,,,,,,,,,,,,,,,
79,Bourbon,New York,,Hudson,Baby,1.5,,,,,6/30/2017,,,,,,,,,,,,,,,,,,,,,,
80,Scotch,Island,Light Smoke,Highland Park,15,4,,,,15,6/30/2017,,,,,,,,,,,,,,,,,,,,,,
81,Scotch,Island,Light Smoke,Highland Park,25,5,,,,25,6/30/2017,,,,,,,,,,,,,,,,,,,,,,
82,Scotch,Island,Light Smoke,Highland Park,30,5,,,,30,6/30/2017,,,,,,,,,,,,,,,,,,,,,,
83,American,Blended,Bourye/Smoke,High West,Campfire,3,,,,,7/17/2017,,,,,,,,,,,,,,,,,,,,,,
84,Bourbon,,Budget,Elijah Craig,Small Batch,3,,,,,8/24/2017,,,,,,,,,3,,,,,3.5,3,,,,,,,
85,Bourbon,,High Rye,Four Roses,Single Barrel,3.5,,,,,8/24/2017,,,,4.5,,,,,,3,4,,,,,,,,,,,
86,Bourbon,,,1792,Ridgemont Reserve,,,,,,8/24/2017,,,,,,,,,,,,,,,,,,,,,,
87,Irish,Single Grain,,Greenore,8,,,,,8,8/24/2017,,,,,,,,,,,,,,,,,,,,,,
88,Canadian,,,Pike Creek,,,,,,7,8/24/2017,,,,,,,,,,,,,,,,,,,,,,
89,Flavored,Canadian,Vanilla,Crown Royal,Vanilla,3,,,,,8/24/2017,,,,,,,,,,,,,,,,,,,,,,
90,American,Blended,Budget,Tin Cup,,2.5,,,,,8/27/2017,,,,,,,,,,,,,,,,,,,,,,
91,Bourbon,,,Woodford Reserve,Double Oaked,4,,,,,8/27/2017,,,,,,,,,,,,,,,,,,,,,,
92,Japanese,Single Malt,,Yamazaki,12,2.5,,,,12,10/15/2017,,,,,,,,,,,,,,,,,,,,,,
93,Scotch,Speyside,,Cragganmore,12,,,,,12,10/15/2017,,,,,,,,,,,,,,,,,,,,,,
94,Irish,Single Pot Still,,Green Spot,,2.5,,,,12,10/15/2017,,,,,,,,,,,,,,,,,,,,,,
95,Irish,Blended,,Tullamore Dew,,2,,,,,10/16/2017,,,,,,,,,,,,,,,,,,,,,,
96,Japanese,Blended,,Suntory,Royal 15,3,,,,15,10/16/2017,,,,,,,,,,,,,,,,,,,,,,
97,Irish,Single Malt,,Knappogue Castle,12,2,,,,12,10/16/2017,,,,,,,,,,,,,,,,,,,,,,
98,Bourbon,Utah,,High West,American Prairie,3.5,,,,,11/8/2017,,,,,,,,,,,,,,,,,,,,,,
99,Japanese,Blended,,Suntory,Toki,3,,,,,11/20/2017,,,,,,,,,,,,,,,,,,,,,,
100,American,Used Barrels,,Michter's,American,5,,,,,1/10/2018,,,,,,,,,,,,,,,,,,,,,,
101,Japanese,Single Malt,Smoke,Hakushu,12,3.5,,,,12,1/10/2018,,,,,,,,,,,,,,,,,,,,,,
102,Scotch,Islay,Smoke,Ardbeg,Corryvreckan,4.5,,,,,1/10/2018,,,,,,,,,,,,,,,,,,,,,,
103,Bourbon,,,Booker's,,5,,,,6,1/10/2018,,,,,,,,,,,,,,,,,,,,,,
104,Japanese,Grain,,Nikka,Coffey Grain,3.5,,,,,1/11/2018,,,,,,,,,,,,,,,,,,,,,,
105,Rye,Pennsylvania,,Eight Oaks,Penna Rye,3,,,,,1/13/2018,,,,,,,,,,,,,,,,,,,,,,
106,Scotch,Lowland,,Auchentoshan,Three Wood,3.5,,,,,1/13/2018,,,,,,,,,,,,,,,,,,,,,,
107,Scotch,Blended Malt,Fruit,Monkey Shoulder,,2.5,,,,,1/13/2018,,,,,,,,,,,,,,,,,,,,,,
108,Scotch,Blended Malt,Medium Smoke,Johnnie Walker,Green Label,3.5,,,,15,1/13/2018,,,,,,,,,,,,,,,,,,,,,,
109,Scotch,Speyside,Light Smoke/Sherry,Benromach,10,4.5,,,,10,1/15/2018,,,,,,,,,,,,,,,,,,,,,,
110,Bourbon,Pennsylvania,,Social Still,Freakshow,3,,,,,1/22/2018,,,,,,,,,,,,,,,,,,,,,,
111,Bourbon,Pennsylvania,Creative,Social Still,Barista Bourbon,4,,,,,1/22/2018,,,,,,,,,,,,,,,,,,,,,,
112,Scotch,Island,Light Smoke,Highland Park,Magnus,2.5,,,,,2/12/2018,,,,,,,,,,,,,,,,,,,,,,
113,Scotch,Speyside,Fruit,Glenfiddich,Select Cask,,,,,,3/11/2018,,,,,,,,,,,,,,,,,,,,,,
114,Scotch,Speyside,Fruit,Glenlivet,Founder's Reserve,,,,,,3/11/2018,,,,,,,,,,,,,,,,,,,,,,
115,Rye,Pennsylvania,,Rittenhouse,Bottled in Bond,4,,,,4,3/12/2018,,,,,,,,,,,,,,,,,,,,,,
116,Scotch,Speyside,Rum,Balvenie,14 Caribbean Cask,4,,,,14,3/24/2018,,,,,,,,,,,,,,,,,,,,,,
117,Bourbon,,,Michter's,,4,,,,,3/26/2018,,,,,,,,,,,,,,,,,,,,,,
118,Bourbon,,,Knob Creek,Single Barrel Reserve 9,4.5,,,,9,4/2/2018,,,,,,,,,,4,,,,,,,,,,,,
119,Scotch,Island,Light Smoke,Highland Park,Valkyrie,2.5,,,,,4/2/2018,,,,,,,,,,,,,,,,,,,,,,
120,Bourbon,Pennsylvania,,Eight Oaks,Bourbon,3,,,,,4/6/2018,,,,,,,,,,,,,,,,,,,,,,
121,Rye,Utah,Wine,High West,Yippee Ki-yay,3.5,,,,4,4/20/2018,,,,,,,,,,,,,,,,,,,,,,
122,Scotch,Islay,Smoke,Laphroaig,Lore,4,,,,,5/15/2018,,,,,,,,,,,,,,,,,,,,,,
123,Scotch,Islay,Smoke/Sherry,Ardbeg,Dark Cove,5,,,,,5/15/2018,,,,,,,,,,,,,,,,,,,,,,
124,Bourbon,Maryland,,Seacrets,,3,,,,,5/17/2018,,,,,,,,,,,,,,,,,,,,,,
125,Bourbon,,Budget,Jim Beam,Double Oaked,3.5,,,,,5/23/2018,,,,,,,,,,,,,,,,,,,,,,
126,Scotch,Blended Scotch,,Black Box,,2.5,,,,,6/4/2018,,,,,,,,,,,,,,,,,,,,,,
127,Bourbon,,Wheat,Rebel Yell,,1.5,,,,,6/7/2018,,,,,,,,,,,,,,,,,,,,,,
128,Bourbon,,Budget,Heaven Hill,,3,,,,,6/23/2018,,,,,,,,,,,,,,,,,,,,,,
129,Scotch,Islay,Smoke,Bowmore,12,2.5,,,,12,6/23/2018,,,,,,,,,,,,,,,,,,,,,,
130,Scotch,Islay,Smoke/Sherry,Laphroaig,Triple Wood,3.5,,,,,6/23/2018,,,,,,,,,,,,,,,,,,,,,,
131,Flavored,Rye,Creative,Cask & Crew,Walnut Toffee,1,,,,,6/24/2018,,,,,,,,,,,,,,,,,,,,,,
132,Flavored,Rye,Creative,Cask & Crew,Ginger Spice,1.5,,,,,6/24/2018,,,,,,,,,,,,,,,,,,,,,,
133,Rye,Pennsylvania,Port,Eight Oaks,Port Rye,3.5,,,,,7/8/2018,,,,,,,,,,,,,,,,,,,,,,
134,Bourbon,,Wheat,W.L. Weller,Special Reserve,3.5,,,,,7/9/2018,,,,,,,,,,,,,,,,,,,,,,
135,Bourbon,Finished,Port,Angel's Envy,,4.5,,,,4,7/13/2018,,,,,,,,,,,,,,,,,,,,,,
136,Bourbon,,,Wild Turkey,Rare Breed,4.5,,,,,7/13/2018,,,,,,,,,,,,,,,,,,,,,,
137,Irish,Blended,Creative,Jameson,Caskmates Stout,2.5,,,,,7/14/2018,,,,,,,,,,,,,,,,,,,,,,
138,Scotch,Islay,Smoke,Laphroaig,12 CS,4,Signatory Vintage,1999,,12,7/21/2018,,,,,,,,,,,,,,,,,,,,,,
139,Scotch,Highland,,Glenmorangie,Signet,4,,,,,7/21/2018,,,,,,,,,,,,,,,,,,,,,,
140,World,English,Smoke,English Whisky Co.,Chapter 9,3.5,,,,,7/21/2018,,,,,,,,,,,,,,,,,,,,,,
141,Scotch,Islay,Sherry,Bunnahabhain,12,4,,,,12,7/25/2018,,,,,,,,,,,,,,,,,,,,,,
142,Bourbon,,,1792,Small Batch,3.5,,,,,8/5/2018,,,,,,,,,,,,,,,,,,,,,,
143,Bourbon,New York,,Widow Jane,10,4.5,,,,10,8/5/2018,,,,,,,,,,,,,,,,,,,,,,
144,Bourbon,,,Colonel E.H. Taylor,Small Batch,4,,,,,8/5/2018,,,,,,,,,,,,,,,,,,,,,,
145,Bourbon,,,Baker's,7,4,,,,7,8/5/2018,,,,,,,,,,,,,,,,,,,,,,
146,Rye,Alberta,,WhistlePig,10,4.5,,,,10,8/5/2018,,,,,,,,,,,,,,,,,,,,,,
147,Rye,Utah,,High West,Double Rye,3,,,,2,8/5/2018,,,,,,,,,,,,,,,,,,,,,,
148,Scotch,Speyside,Fruit,Glenfiddich,14,3.5,,,,14,8/5/2018,,,,,,,,,,,,,,,,,,,,,,
149,Bourbon,,Wheat,Old Rip Van Winkle,10,4.5,,?,,10,8/5/2018,,,,,,,,,,,,,,,,,,,,,,
150,Scotch,Blended Malt,Malt,Compass Box,Spice Tree,3.5,,,,,8/5/2018,,,,,,,,,,,,,,,,,,,,,,
151,American,Blended,,Kinsey,American,3,,,,10,8/22/2018,,,,,,,,,,,,,,,,,,,,,,
152,World,Indian,,Paul John,Brilliance,3.5,,,,,8/27/2018,,,,,,,,,,,,,,,,,,,,,,
153,Bourbon,,,Willett,Pot Still Reserve,2.5,,,,,8/27/2018,,,,,,,,,,,,,,,,,,,,,,
154,Scotch,Highland,,Deveron,12,2.5,,,,12,8/27/2018,,,,,,,,,,,,,,,,,,,,,,
155,Scotch,Highland,,AnCnoc,12,3,,,,12,8/27/2018,,,,,,,,,,,,,,,,,,,,,,
156,Scotch,Speyside,Light Smoke,Craigellachie,13,4.5,,,,13,8/27/2018,,,,,,,,,,,,,,,,,,,,,,
157,Scotch,Speyside,Sherry,Glenfarclas,17,4,,,,17,8/27/2018,,,,,,,,,,,,,,,,,,,,,,
158,Bourbon,,Sherry,Noble Oak,Double Oak,5,,,,,8/27/2018,,,,,,,,,,,,,,,,,,,,,,
159,Rye,MGP,Rum,Angel's Envy,Rye,5,,,,6,8/27/2018,,,,,,,,,,,,,,,,,,,,,,
160,Bourbon,,,Stagg Jr.,,3.5,,?,,,8/27/2018,,,,,,,,,,,,,,,,,,,,,,
161,Scotch,Speyside,Fruit,Glenfiddich,15 Solera,3.5,,,,15,8/28/2018,,,,,,,,,,,,,,,,,,,,,,
162,Scotch,Islay,Smoke,Kilchoman,Machir Bay,3,,,,,8/28/2018,,,,,,,,,,,,,,,,,,,,,,
163,Scotch,Islay,Smoke,Laphroaig,Cairdeas CS Quarter Cask,3,,2017,,,8/28/2018,,,,,,,,,,,,,,,,,,,,,,
164,Rye,Utah,Port,High West,Midwinter Night's Dram,3.5,,5.2,,4,8/28/2018,,,,,,,,,,,,,,,,,,,,,,
165,Scotch,Islay,Smoke/Sherry,Ardbeg,An Oa,3.5,,,,,8/28/2018,,,,,,,,,,,,,,,,,,,,,,
166,Scotch,Speyside,,BenRiach,10,4,,,,10,8/28/2018,,,,,,,,,,,,,,,,,,,,,,
167,American,Bourbon/Rye,Bourye,High West,Bourye,4,,,,,8/28/2018,,,,,,,,,,,,,,,,,,,,,,
168,Scotch,Speyside,Light Smoke,BenRiach,Curiositas,3.5,,,,10,8/28/2018,,,,,,,,,,,,,,,,,,,,,,
169,Scotch,Campbeltown,Smoke/Wine,Longrow,11 Pinot Noir Red,3.5,,,,11,8/28/2018,,,,,,,,,,,,,,,,,,,,,,
170,New Make,Oat,,High West,Western Oat,0.5,,,,,8/28/2018,,,,,,,,,,,,,,,,,,,,,,
171,American,Corn,Smoke,Balcones,Brimstone,4.5,,,,,8/28/2018,,,,,,,,,,,,,,,,,,,,,,
172,Scotch,Islay,Smoke/Sherry,Bowmore,15 Darkest,3.5,,,,15,8/29/2018,,,,,,,,,,,,,,,,,,,,,,
173,American,Pennsylvania,,Faber,Keystone Rail,3,,,,,8/31/2018,,,,,,,,,,,,,,,,,,,,,,
174,Scotch,Speyside,Rum/Light Smoke,Glenfiddich,Fire and Cane,4,,,,,9/7/2018,,,,,,,,,,,,,,,,,,,,,,
175,Bourbon,,Wheat,Maker's Mark,Cask Strength,3.5,,,,,9/8/2018,,,,,,,,,,,,,,,,,,,,,,
176,Scotch,Blended Scotch,Light Smoke,Johnnie Walker,Gold Label,4,,,,,9/13/2018,,,,,,,,,,,,,,,,,,,,,,
177,Scotch,Blended Scotch,,Johnnie Walker,18,3.5,,,,18,9/13/2018,,,,,,,,,,,,,,,,,,,,,,
178,Flavored,Tennessee,Creative,Ole Smokey,Salty Caramel,2.5,,,,,9/13/2018,,,,,,,,,,,,,,,,,,,,,,
179,Bourbon,Missouri,,David Nicholson,1843,2,,,,,9/13/2018,,,,,,,,,,,,,,,,,,,,,,
180,Bourbon,Missouri,,David Nicholson,Reserve,3,,,,,9/13/2018,,,,,,,,,,,,,,,,,,,,,,
181,Bourbon,,,Yellowstone,Select,3,,,,4,9/13/2018,,,,,,,,,,,,,,,,,,,,,,
182,Bourbon,,Wheat,Jefferson's,Ocean Wheated,4.5,,?,,,9/13/2018,,,,,,,,,,,,,,,,,,,,,,
183,Bourbon,,,Jefferson's,Ocean,4,,?,,,9/13/2018,,,,,,,,,,,,,,,,,,,,,,
184,Bourbon,Finished,Wine,Jefferson's,Pritchard Hill Cabernet,3,,,,,9/13/2018,,,,,,,,,3,,,,,,,,,,,,,
185,Bourbon,Finished,Rum,Jefferson's,Old Rum Cask Finish,4,,,,,9/13/2018,,,,,,,,,,,,,,,,,,,,,,
186,Bourbon,,,Jefferson's,Reserve Very Old,4.5,,,,,9/13/2018,,,,,,,,,,,,,,,,,,,,,,
187,American,Bourbon/Rye,Bourye,Jefferson's,Chef's Collaboration,3.5,,,,,9/13/2018,,,,,,,,,,,,,,,,,,,,,,
188,Bourbon,,,Jefferson's,Twin Oak,4,,,,,9/13/2018,,,,,,,,,,,,,,,,,,,,,,
189,Bourbon,,,Jefferson's,Cask Strength,4.5,,,,,9/13/2018,,,,,,,,,,,,,,,,,,,,,,
190,American,Barrel Aged Cocktail,Barrel Aged Cocktail,Jefferson's,Barrel Aged Manhattan,3.5,,,,,9/13/2018,,,,,,,,,,,,,,,,,,,,,,
191,Irish,Blended,,Slane,,3,,,,,9/13/2018,,,,,,,,,,,,,,,,,,,,,,
192,Bourbon,,High Rye,Old Forester,Statesman,3,,,,,9/13/2018,,,,,,,,,,,,,,,,,,,,,,
193,Rye,Pennsylvania,Wine,Dad's Hat,Vermouth Finish,4,,,,,9/13/2018,,,,,,,,,,,,,,,,,,,,,,
194,Rye,Pennsylvania,Port,Dad's Hat,Port Finish,4,,,,,9/13/2018,,,,,,,,,,,,,,,,,,,,,,
195,Bourbon,Indiana,,Redemption,,3,,,,,9/13/2018,,,,,,,,,,,,,,,,,,,,,,
196,Rye,Indiana,,Redemption,,1.5,,,,,9/13/2018,,,,,,,,,,,,,,,,,,,,,,
197,Bourbon,California,,Bib & Tucker,,2.5,,,,6,9/13/2018,,,,,,,,,,,,,,,,,,,,,,
198,Bourbon,Florida,,HillBilly,86,3,,,,,9/13/2018,,,,,,,,,,,,,,,,,,,,,,
199,Bourbon,Pennsylvania,,Hidden Still,David E,2,,,,,9/13/2018,,,,,,,,,,,,,,,,,,,,,,
200,New Make,Corn,,Hidden Still,Screwhead Shine,0.5,,,,,9/13/2018,,,,,,,,,,,,,,,,,,,,,,
201,American,Blended,Budget,Bird Dog,,2,,,,,9/13/2018,,,,,,,,,,,,,,,,,,,,,,
202,Flavored,Kentucky,Creative,Bird Dog,Chocolate,2,,,,,9/13/2018,,,,,,,,,,,,,,,,,,,,,,
203,Rye,Iowa,,Templeton,4,2.5,,,,4,9/13/2018,,,,,,,,,,,,,,,,,,,,,,
204,Rye,Iowa,,Templeton,6,2,,,,6,9/13/2018,,,,,,,,,,,,,,,,,,,,,,
205,Rye,Maryland,,Sagamore,,3.5,,,,,9/13/2018,,,,,,,,,,,,,,,,,,,,,,
206,Rye,Maryland,,Sagamore,Double Oak,3.5,,,,,9/13/2018,,,,,,,,,,,,,,,,,,,,,,
207,Rye,Maryland,,Sagamore,Cask Strength,2,,,,,9/13/2018,,,,,,,,,,,,,,,,,,,,,,
208,Irish,Single Malt,,Sexton,,2,,,,,9/13/2018,,,,,,,,,,,,,,,,,,,,,,
209,Canadian,,,Pendleton,,1.5,,,,,9/13/2018,,,,,,,,,,,,,,,,,,,,,,
210,Irish,Blended,Sherry,Bushmills,Black Bush,2.5,,,,,9/13/2018,,,,,,,,,,,,,,,,,,,,,,
211,World,French,Creative,Brenne,Estate Cask,3.5,,,,,9/13/2018,,,,,,,,,,,,,,,,,,,,,,
212,Scotch,Speyside,,Speyburn,Companion Bourbon Cask,3,,,,,9/13/2018,,,,,,,,,,,,,,,,,,,,,,
213,Scotch,Islay,Smoke,Lagavulin,8,4,,,,8,9/14/2018,,,,,,,,,,,,,,,,,,,,,,
214,Bourbon,,,Jefferson's,Very Small Batch,4,,,,,9/15/2018,,,,,,,,,,,,,,,,,,,,,,
215,Scotch,Highland,Malt,Dalwhinnie,15,3.5,,,,15,10/6/2018,,,,,,,,,,,,,,,,,,,,,,
216,Scotch,Islay,Smoke,Port Charlotte,Scottish Barley,4,,,,,10/6/2018,,,,,,,,,,,,,,,,,,,,,,
217,Scotch,Island,Medium Smoke,Talisker,18,4.5,,,,18,10/6/2018,,,,,,,,,,,,,,,,,,,,,,
218,Scotch,Blended Scotch,,Johnnie Walker,White Walker,2,,,,,10/6/2018,,,,,,,,,,,,,,,,,,,,,,
219,Bourbon,,,Elijah Craig,Barrel Proof,4,,?,,,10/12/2018,,,,,,,,,,,,,,,,,,,,,,
220,Irish,Blended,,Jameson,Black Barrel,3,,,,,10/12/2018,,,,,,,,,,,,,,,,,,,,,,
221,Scotch,Islay,Smoke,Ardbeg,Grooves,3.5,,,,,10/12/2018,,,,,,,,,,,,,,,,,,,,,,
222,Scotch,Speyside,Sherry,Macallan,Select Oak,3.5,,,,,10/19/2018,,,,,,,,,,,,,,,,,,,,,,
223,Scotch,Speyside,Sherry,Macallan,Whisky Maker's Edition,3.5,,,,,10/19/2018,,,,,,,,,,,,,,,,,,,,,,
224,Scotch,Speyside,Sherry,Macallan,Estate Reserve,4,,,,,10/19/2018,,,,,,,,,,,,,,,,,,,,,,
225,Rye,Tennessee,,Jack Daniel's,Single Barrel,2.5,,,,,11/7/2018,,,,,,,,,,,,,,,,,,,,,,
226,Rye,Maryland,,Pikesville,6,3.5,,,,6,11/7/2018,,,,,,,,,,,,,,,,,,,,,,
227,Rye,,,Woodford Reserve,,3,,,,,11/7/2018,,,,,,,,,,,,,,,,,,,,,,
228,Rye,Canadian,Port,Alberta,Dark Batch,4.5,,,,,11/7/2018,,,,,,,,,,,,,,,,,,,,,,
229,World,South African,,Bain's,,3,,,,,11/16/2018,,,,,,,,,,,,,,,,,,,,,,
230,Scotch,Island,Light Smoke/Sherry,Highland Park,Dark Origins,4.5,,,,,11/16/2018,,,,,,,,,,,,,,,,,,,,,,
231,Scotch,Speyside,Smoke,Glenlivet,Nadurra Peated CS,3,,,,,11/16/2018,,,,,,,,,,,,,,,,,,,,,,
232,Scotch,Speyside,Sherry,Balvenie,15 Sherry,5,,,,15,11/22/2018,,,,,,,,,,,,,,,,,,,,,,
233,Scotch,Speyside,Port,Balvenie,21 Portwood,4,,,,21,11/22/2018,,,,,,,,,,,,,,,,,,,,,,
234,Scotch,Campbeltown,Smoke/Sherry,Springbank,12 CS,4.5,,2018,,12,11/25/2018,,,,,,,,,,,,,,,,,,,,,,
235,Scotch,Speyside,Malt,Glenrothes,Bourbon Cask Reserve,3.5,,,,,12/13/2018,,,,,,,,,,,,,,,,,,,,,,
236,Scotch,Speyside,Malt,Glenrothes,Vintage Reserve,4,,,,,12/13/2018,,,,,,,,,,,,,,,,,,,,,,
237,Scotch,Speyside,Sherry,Glenrothes,Sherry Cask Reserve,3.5,,,,,12/13/2018,,,,,,,,,,,,,,,,,,,,,,
238,Scotch,Blended Malt,Wine,Compass Box,Spaniard,4.5,,,,,12/13/2018,,,,,,,,,,,,,,,,,,,,,,
239,Scotch,Blended Malt,Smoke,Compass Box,Peat Monster,2.5,,,,,12/13/2018,,,,,,,,,,,,,,,,,,,,,,
240,Bourbon,Arkansas,Smoke/Bourbon,Rock Town,Peated Malt,4.5,,,,,12/13/2018,,,,,,,,,,,,,,,,,,,,,,
241,Bourbon,,,Henry McKenna,10,2.5,,,,10,12/14/2018,,,,,,,,,,,,,,,,,,,,,,
242,Rye,Utah,,High West,Rendezvous Rye,3.5,,,,4,12/14/2018,,,,,,,,,,,,,,,,,,,,,,
243,Irish,Blended,Rum,Tullamore Dew,Caribbean Rum Cask,4,,,,,12/14/2018,,,,,,,,,,,,,,,,,,,,,,
244,Irish,Blended,,Powers,Gold Label,3,,,,,12/15/2018,,,,,,,,,,,,,,,,,,,,,,
245,Bourbon,,High Rye,Old Forester,Classic,2.5,,,,,12/15/2018,,,,,,,,,,,,,,,,,,,,,,
246,Rye,,,Sazerac,,3,,,,,12/15/2018,,,,,,,,,,,,,,,,,,,,,,
247,Bourbon,,Wheat,William Larue Weller,,4.5,,?,,,12/16/2018,,,,,,,,,,,,,,,,,,,,,,
248,Bourbon,,Wheat,Pappy Van Winkle,Family Reserve 15,5,,?,,15,12/16/2018,,,,,,,,,,,,,,,,,,,,,,
249,American SM,Texas,,Balcones,Texas Single Malt,4.5,,,,,12/16/2018,,,,,,,,,,,,,,,,,,,,,,
250,Irish,Single Malt,Smoke,Connemara,Peated CS,3.5,,,,4,12/16/2018,,,,,,,,,,,,,,,,,,,,,,
251,American SM,Washington,,Westland,American Oak,2.5,,,,,12/17/2018,,,,,,,,,,,,,,,,,,,,,,
252,Irish,Single Pot Still,Sherry,Redbreast,Lustau,3.5,,,,,12/17/2018,,,,,,,,,,,,,,,,,,,,,,
253,Scotch,Islay,Smoke/Sherry,Lagavulin,Distiller's Edition,3.5,,,,16,12/17/2018,,,,,,,,,,,,,,,,,,,,,,
254,Scotch,Islay,Smoke,Octomore,7.1,4,,,,5,12/17/2018,,,,,,,,,,,,,,,,,,,,,,
255,American,Corn,Budget,Mellow Corn,,3,,,,4,12/17/2018,,,,,,,,,,,,,,,,,,,,,,
256,World,Indian,Light Smoke,Amrut,Fusion,2.5,,,,,12/24/2018,,,,,,,,,,,,,,,,,,,,,,
257,Scotch,Island,Medium Smoke,Talisker,Select Reserve,4,,,,,12/26/2018,,,,,,,,,,,,,,,,,,,,,,
258,Scotch,Speyside,Sherry,Glenlivet,Nadurra Oloroso CS,3.5,,,,,1/2/2019,,,,,,,,,,,,,,,,,,,,,,
259,Rye,,Port,Basil Hayden's,Dark Rye,4,,,,,1/2/2019,,,,,,,,,,,,,,,,,,,,,,
260,Rye,MGP,Wine,WhistlePig,Old World 12,5,,,,12,1/2/2019,,,,,,,,,,,,,,,,,,,,,,
261,Scotch,Speyside,Sherry,Balvenie,17 Doublewood,4.5,,,,17,1/2/2019,,,,,,,,,,,,,,,,,,,,,,
262,Scotch,Highland,Wine,Glenmorangie,Nectar D'or,3.5,,,,,1/2/2019,,,,,,,,,,,,,,,,,,,,,,
263,Scotch,Highland,Sherry,Glendronach,15 Revival,4,,,,15,1/2/2019,,,,,,,,,,,,,,,,,,,,,,
264,Scotch,Highland,Sherry,Glendronach,18 Allardice,4,,,,18,1/2/2019,,,,,,,,,,,,,,,,,,,,,,
265,American,Sour Mash,,Michter's,Toasted Barrel Finish,4,,,,,1/2/2019,,,,,,,,,,,,,,,,,,,,,,
266,Bourbon,,Wheat,W.L. Weller,Antique 107,3.5,,,,,1/2/2019,,,,3,,,,,,,,,,,,,,,,,,
267,Scotch,Highland,Malt,Glenmorangie,Spios,3.5,,,,,1/2/2019,,,,,,,,,,,,,,,,,,,,,,
268,Scotch,Highland,Malt,Glenmorangie,Astar,3,,,,,1/2/2019,,,,,,,,,,,,,,,,,,,,,,
269,Scotch,Speyside,Sherry,Glenfarclas,105 CS,2.5,,,,,1/2/2019,,,,,,,,,,,,,,,,,,,,,,
270,Scotch,Highland,Smoke/Sherry,Glendronach,Peated,3.5,,,,,1/2/2019,,,,,,,,,,,,,,,,,,,,,,
271,Scotch,Blended Malt,Smoke/Sherry,Compass Box,Flaming Heart,4,,,,,1/2/2019,,,,,,,,,,,,,,,,,,,,,,
272,World,Indian,,Paul John,Classic,3.5,,,,,1/2/2019,,,,,,,,,,,,,,,,,,,,,,
273,Scotch,Blended Grain,Creative,Compass Box,Hedonism,4.5,,,,,1/2/2019,,,,,,,,,,,,,,,,,,,,,,
274,Scotch,Blended Scotch,,Chivas Regal,12,2.5,,,,12,1/2/2019,,,,,,,,,,,,,,,,,,,,,,
275,Scotch,Speyside,Sherry,Macallan,12 Sherry Oak Cask,3.5,,,,12,1/2/2019,,,,,,,,,,,,,,,,,,,,,,
276,Scotch,Highland,Sherry,Glendronach,12 Original,4,,,,12,1/2/2019,,,,,,,,,,,,,,,,,,,,,,
277,Scotch,Island,Smoke,Ledaig,10,3,,,,10,1/2/2019,,,,,,,,,,,,,,,,,,,,,,
278,American,Sour Mash,,Michter's,Sour Mash,3.5,,,,,1/2/2019,,,,,,,,,,,,,,,,,,,,,,
279,Scotch,Speyside,Malt,Longmorn,16,3,,,,16,1/2/2019,,,,,,,,,,,,,,,,,,,,,,
280,Japanese,Pure Malt,,Nikka,Taketsuru Pure Malt,3,,,,,1/2/2019,,,,,,,,,,,,,,,,,,,,,,
281,Bourbon,,,Michter's,10,5,,,,10,1/2/2019,,,,,,,,,,,,,,,,,,,,,,
282,Bourbon,,Port,Angel's Envy,CS,5,,2018,,,1/2/2019,,,,,,,,,,,,,,,,,,,,,,
283,Japanese,Single Malt,Sherry,Yamazaki,18,4,,,,18,1/2/2019,,,,,,,,,,,,,,,,,,,,,,
284,American,Corn,,Balcones,Baby Blue,3,,,,,1/2/2019,,,,,,,,,,,,,,,,,,,,,,
285,Bourbon,,,Little Book,,2.5,,1 or 2,,,1/2/2019,,,,,,,,,,,,,,,,,,,,,,
286,Scotch,Blended Scotch,Light Smoke/Sherry,Compass Box,Great King St. Glasgow Blended,4,,,,,1/2/2019,,,,,,,,,,,,,,,,,,,,,,
287,Scotch,Highland,,Loch Lomond,12,3.5,,,,12,1/17/2019,,,,,,,,,,,,,,,,,,,,,,
288,Scotch,Highland,,Loch Lomond,18,4,,,,18,1/17/2019,,,,,,,,,,,,,,,,,,,,,,
289,Scotch,Campbeltown,,Glen Scotia,Double Cask,3,,,,,1/17/2019,,,,,,,,,,,,,,,,,,,,,,
290,Scotch,Campbeltown,Light Smoke,Glen Scotia,10,4.5,,,,10,1/17/2019,,,,,,,,,,,,,,,,,,,,,,
291,Scotch,Campbeltown,Sherry,Glen Scotia,15,4.5,,,,15,1/17/2019,,,,,,,,,,,,,,,,,,,,,,
292,Scotch,Campbeltown,,Glen Scotia,Victoriana,4,,,,,1/17/2019,,,,,,,,,,,,,,,,,,,,,,
293,Scotch,Campbeltown,,Glen Scotia,18,3.5,,,,18,1/17/2019,,,,,,,,,,,,,,,,,,,,,,
294,Scotch,Highland,Madeira,Inchmurrin,Madeira,3.5,,,,,1/17/2019,,,,,,,,,,,,,,,,,,,,,,
295,Scotch,Highland,,Loch Lomond,Open,2.5,,,,,1/17/2019,,,,,,,,,,,,,,,,,,,,,,
296,Bourbon,,Budget,Jim Beam,Black Label,3.5,,,,,1/21/2019,,,,,,,,,,,,,,,,,,,,,,
297,Scotch,Speyside,Fruit,Glenlivet,18,3.5,,,,18,1/25/2019,,,,,,,,,,,,,,,,,,,,,,
298,Scotch,Islay,Smoke,Port Charlotte,10,4.5,,,,10,1/25/2019,,,,,,,,,,,,,,,,,,,,,,
299,Bourbon,,High Rye,Bulleit,Barrel Strength,4,,,,,1/25/2019,,,,,,,,,,,,,,,,,,,,,,
300,Bourbon,,,Zachariah Harris,,2,,,,,1/25/2019,,,,,,,,,,,,,,,,,,,,,,
301,Scotch,Islay,Smoke,Lagavulin,12,4.5,,2018,,12,1/25/2019,,,,,,,,,,,,,,,,,,,,,,
302,Irish,Single Pot Still,Sherry,Redbreast,12 Cask Strength,5,,,,12,1/27/2019,,,,,,,,,,,,,,,,,,,,,,
303,Bourbon,,High Rye,Bulleit,10,3,,,,10,1/27/2019,,,,,,,,,,,,,,,,,,,,,,
304,Scotch,Islay,Sherry,Bunnahabhain,18,4.5,,,,18,1/27/2019,,,,,,,,,,,,,,,,,,,,,,
305,Bourbon,Finished,Port,1792,Port Finish,3,,,,,1/28/2019,,,,,,,,,,,,,,,,,,,,,,
306,Rye,,,Michter's,Barrel Strength Rye,3,,,,,1/28/2019,,,,,,,,,,,,,,,,,,,,,,
307,Irish,Blended,,Writers' Tears,,3,,,,,1/28/2019,,,,,,,,,,,,,,,,,,,,,,
308,Bourbon,,High Rye,Old Grand Dad,114,3.5,,,,,1/28/2019,,,,,,,,,,,,,,,,,,,,,,
309,Bourbon,,High Rye,Old Forester,1920,2.5,,,,,1/28/2019,,,,,,,,,,,,,,,,,,,,,,
310,Irish,Single Pot Still,Sherry,Redbreast,15,3.5,,,,15,2/21/2019,,,,,,,,,,,,,,,,,,,,,,
311,Scotch,Islay,Smoke,Lagavulin,9,4,,,,9,2/23/2019,,,,,,,,,,,,,,,,,,,,,,
312,Scotch,Island,Light Smoke,Jura,Superstition,3.5,,,,,2/23/2019,,,,,,,,,,,,,,,,,,,,,,
313,Scotch,Island,Light Smoke,Jura,10,2,,,,10,2/23/2019,,,,,,,,,,,,,,,,,,,,,,
314,World,Taiwanese,Port,Kavalan,Concertmaster,2.5,,,,,2/23/2019,,,,,,,,,,,,,,,,,,,,,,
315,Scotch,Islay,Smoke/Sherry,Bowmore,18,4,,,,18,2/23/2019,,,,,,,,,,,,,,,,,,,,,,
316,Irish,Blended,Creative,Jameson,Caskmates IPA,4,,,,,2/23/2019,,,,,,,,,,,,,,,,,,,,,,
317,American SM,Colorado,,Stranahan's,Colorado Whiskey,3,,,,,2/27/2019,,,,3.5,,,,,,,,,,,,,,,,,,
318,American SM,Colorado,,Stranahan's,Diamond Peak,3,,,,,2/27/2019,,,,,,,,,,,,,,,,,,,,,,
319,American SM,Colorado,Sherry,Stranahan's,Sherry Cask,3.5,,,,,2/27/2019,,,,,,,,,,,,,,,,,,,,,,
320,Scotch,Speyside,Sherry,Macallan,12 Double Cask,4.5,,,,12,2/28/2019,,,,,,,,,,,,,,,,,,,,,,
321,Scotch,Blended Malt,Sherry,Naked Grouse,,5,,,,,2/28/2019,,,,,,,,,,,,,,,,,,,,,,
322,Bourbon,Pennsylvania,Wine,Eight Oaks,Pinot Bourbon,2.5,,,,,3/3/2019,,,,,,,,,,,,,,,,,,,,,,
323,Bourbon,Pennsylvania,,Boardroom,Bourbon,3,,,,,3/3/2019,,,,,,,,,,,,,,,,,,,,,,
324,Rye,Pennsylvania,,Boardroom,Rye,3,,,,,3/3/2019,,,,,,,,,,,,,,,,,,,,,,
325,Bourbon,Pennsylvania,,Kinsey,4,3,,,,4,3/3/2019,,,,,,,,,,,,,,,,,,,,,,
326,Rye,Pennsylvania,,Kinsey,4,3.5,,,,4,3/3/2019,,,,,,,,,,,,,,,,,,,,,,
327,American,Pennsylvania,Creative,Kinsey,Maple Cask,3.5,,,,,3/3/2019,,,,,,,,,,,,,,,,,,,,,,
328,American,Pennsylvania,Wine,Kinsey,Cabernet,4,,,,,3/3/2019,,,,,,,,,,,,,,,,,,,,,,
329,American SM,Pennsylvania,,New Liberty,Dutch Malt,3.5,,,,,3/3/2019,,,,,,,,,,,,,,,,,,,,,,
330,American,Pennsylvania,,New Liberty,Bloody Butcher 9 Month,3.5,,,,0.75,3/3/2019,,,,,,,,,,,,,,,,,,,,,,
331,Rye,Pennsylvania,Sherry,New Liberty,Fortunato's Fate,4,,,,,3/3/2019,,,,,,,,,,,,,,,,,,,,,,
332,Canadian,,,Canadian Club,,1,,,,,3/9/2019,,,,,,,,,,,,,,,,,,,,,,
333,Canadian,,,Forty Creek,Barrel Select,1,,,,,3/9/2019,,,,,,,,,,,,,,,,,,,,,,
334,Rye,,,Michter's,Rye,3.5,,,,,3/9/2019,,,,,,,,,,,,,,,,,,,,,,
335,Rye,Virginia,,Catoctin Creek,Roundstone Rye,1.5,,,,,3/9/2019,,,,,,,,,,,,,,,,,,,,,,
336,Rye,Virginia,,Catoctin Creek,Roundstone Rye Distiller's Edition,1.5,,,,,3/9/2019,,,,,,,,,,,,,,,,,,,,,,
337,Rye,Virginia,,Catoctin Creek,Roundstone Rye Cask Proof,2,,,,,3/9/2019,,,,,,,,,,,,,,,,,,,,,,
338,American,Sorghum,Creative,James F.C. Hyde,Sorghum Whiskey,2.5,,,,,3/9/2019,,,,,,,,,,,,,,,,,,,,,,
339,Flavored,Canadian,Creative,Root Out,,4,,,,,3/9/2019,,,,,,,,,,,,,,,,,,,,,,
340,Bourbon,New York,,Taconic,Dutchess Private Reserve,1.5,,,,,3/9/2019,,,,,,,,,,,,,,,,,,,,,,
341,Bourbon,New York,Creative,Taconic,Double Barrel Maple,2,,,,,3/9/2019,,,,,,,,,,,,,,,,,,,,,,
342,Scotch,Islay,Malt/Light Smoke,Bruichladdich,Islay Barley,4,,2010,,6,3/9/2019,,,,,,,,,,,,,,,,,,,,,,
343,Scotch,Islay,Malt/Light Smoke,Bruichladdich,Black Art 1990,4.5,,6.1,,26,3/9/2019,,,,,,,,,,,,,,,,,,,,,,
344,American SM,Washington,Sherry,Westland,Sherry Wood,3,,,,,3/9/2019,,,,,,,,,,,,,,,,,,,,,,
345,American SM,Washington,Smoke,Westland,Peated,3.5,,,,,3/9/2019,,,,,,,,,,,,,,,,,,,,,,
346,American SM,Virginia,,Copper Fox,Single Malt,2,,,,,3/9/2019,,,,,,,,,,,,,,,,,,,,,,
347,Rye,Virginia,,Copper Fox,Rye,2,,,,,3/9/2019,,,,,,,,,,,,,,,,,,,,,,
348,Bourbon,,High Rye,Old Forester,Bottled in Bond,3,,,,4,3/9/2019,,,,,,,,,,,,,,,,,,,,,,
349,Scotch,Highland,,Glenglassaugh,Revival,4,,,,,3/9/2019,,,,,,,,,,,,,,,,,,,,,,
350,Scotch,Highland,,Glenglassaugh,Evolution,2.5,,,,,3/9/2019,,,,,,,,,,,,,,,,,,,,,,
351,Scotch,Highland,,Glenglassaugh,Peated,4,,,,,3/9/2019,,,,,,,,,,,,,,,,,,,,,,
352,Bourbon,,High Rye,Old Forester,1870 Original Batch,3,,,,,3/9/2019,,,,,,,,,,,,,,,,,,,,,,
353,Bourbon,,High Rye,Old Forester,1910 Old Fine Whisky,3.5,,,,,3/9/2019,,,,,,,,,,,,,,,,,,,,,,
354,Bourbon,,High Rye,Old Forester,1920 Prohibition Style,2.5,,,,,3/9/2019,,,,,,,,,,,,,,,,,,,,,,
355,Bourbon,,High Rye,Old Forester,Signature 100 Proof,2.5,,,,,3/9/2019,,,,,,,,,,,,,,,,,,,,,,
356,American,New York,,Tommy Rotter,Triple Barrel American,2.5,,,,,3/9/2019,,,,,,,,,,,,,,,,,,,,,,
357,Scotch,Speyside,Sherry,Glen Moray,Classic Sherry Cask Finish,3,,,,,3/9/2019,,,,,,,,,,,,,,,,,,,,,,
358,Scotch,Speyside,Port,Glen Moray,Classic Port Cask Finish,3.5,,,,,3/9/2019,,,,,,,,,,,,,,,,,,,,,,
359,Scotch,Speyside,Wine,Glen Moray,Classic Chardonnay Cask Finish,3,,,,,3/9/2019,,,,,,,,,,,,,,,,,,,,,,
360,Bourbon,New Jersey,Creative,Asbury Park Distilling Co.,Double Barrel Bourbon,3.5,,,,,3/16/2019,,,,,,,,,,,,,,,,,,,,,,
361,Irish,Blended,,Tullamore Dew,12,3.5,,,,12,3/20/2019,,,,,,,,,,,,,,,,,,,,,,
362,Irish,Blended,Rum,Teeling,Small Batch Rum Cask Finish,3.5,,,,,3/20/2019,,,,,,,,,,,,,,,,,,,,,,
363,Irish,Single Grain,,Teeling,Single Grain,3,,,,,3/20/2019,,,,,,,,,,,,,,,,,,,,,,
364,Irish,Single Malt,,Teeling,Single Malt,2.5,,,,,3/20/2019,,,,,,,,,,,,,,,,,,,,,,
365,Irish,Single Malt,,Bushmills,10 Single Malt,2.5,,,,10,3/20/2019,,,,,,,,,,,,,,,,,,,,,,
366,Irish,Single Malt,,Bushmills,16 Single Malt,3,,,,16,3/20/2019,,,,,,,,,,,,,,,,,,,,,,
367,Irish,Single Grain,Creative,Kilbeggan,Rye,4,,,,,3/20/2019,,,,,,,,,,,,,,,,,,,,,,
368,Irish,Single Grain,,Kilbeggan,Single Grain,3.5,,,,,3/20/2019,,,,,,,,,,,,,,,,,,,,,,
369,Irish,Single Malt,,Tyrconnell,Single Malt,3,,,,,3/20/2019,,,,,,,,,,,,,,,,,,,,,,
370,Irish,Single Malt,Port,Tyrconnell,Port Cask Finish,3.5,,,,,3/20/2019,,,,,,,,,,,,,,,,,,,,,,
371,Irish,Single Malt,Madeira,Tyrconnell,15 Madeira Cask Finish,3,,,,15,3/20/2019,,,,,,,,,,,,,,,,,,,,,,
372,Irish,Single Malt,Smoke,Connemara,12,3.5,,,,12,3/20/2019,,,,,,,,,,,,,,,,,,,,,,
373,Irish,Single Pot Still,Sherry,Powers,Three Swallow,4,,,,,3/20/2019,,,,,,,,,,,,,,,,,,,,,,
374,Irish,Single Pot Still,Sherry,Powers,John's Lane,3.5,,,,12,3/20/2019,,,,,,,,,,,,,,,,,,,,,,
375,American,Pennsylvania,,Manatawny Still Works,Keystone Whiskey,3,,,,,3/27/2019,,,,,,,,,,,,,,,,,,,,,,
376,American,Pennsylvania,,Manatawny Still Works,Pennsylvania Whiskey,3.5,,,,,3/27/2019,,,,,,,,,,,,,,,,,,,,,,
377,American,Pennsylvania,,Manatawny Still Works,Cask Strength,4,,,,,3/27/2019,,,,,,,,,,,,,,,,,,,,,,
378,American SM,Pennsylvania,Smoke,Manatawny Still Works,Peated,3.5,,,,,3/27/2019,,,,,,,,,,,,,,,,,,,,,,
379,American,Pennsylvania,Creative,Manatawny Still Works,Coffee,3.5,,,,,3/27/2019,,,,,,,,,,,,,,,,,,,,,,
380,Bourbon,,,Heaven Hill,Bottled in Bond,4,,,,,3/27/2019,,,,,,,,,,,,,,,,,,,,,,
381,Scotch,Speyside,,Ben Nevis,8,4,Single Cask Nation,,,8,3/27/2019,,,,,,,,,,,,,,,,,,,,,,
382,Scotch,Highland,Light Smoke,Oban,Little Bay,3,,,,,3/27/2019,,,,,,,,,,,,,,,,,,,,,,
383,Bourbon,Texas,,Balcones,Texas Blue Corn,3.5,,,,,3/27/2019,,,,,,,,,,,,,,,,,,,,,,
384,Scotch,Blended Scotch,,Dewar's,21,3,,,,21,3/27/2019,,,,,,,,,,,,,,,,,,,,,,
385,Bourbon,Pennsylvania,Smoke,Liberty Pole,Peated,3.5,,,,,3/27/2019,,,,,,,,,,,,,,,,,,,,,,
386,Scotch,Speyside,Sherry,Kirkland,18 Speyside Sherry Cask Finish,3,,,,18,3/27/2019,,,,,,,,,,,,,,,,,,,,,,
387,Bourbon,New York,,Catskill,The Most Righteous,2.5,,,,,3/27/2019,,,,,,,,,,,,,,,,,,,,,,
388,Bourbon,West Virginia,,Smooth Ambler,Big Level,3.5,,,,,3/27/2019,,,,,,,,,,,,,,,,,,,,,,
389,Bourbon,,,Basil Hayden's,10,2.5,,,,10,3/27/2019,,,,,,,,,,,,,,,,,,,,,,
390,American,Pennsylvania,Four Grain,Bluebird,Four Grain,3,,,,,3/27/2019,,,,,,,,,,,,,,,,,,,,,,
391,Scotch,Speyside,,Mortlach,26 CS,4.5,Gordon & Macphail,1987,,26,3/27/2019,,,,,,,,,,,,,,,,,,,,,,
392,American SM,Massachusetts,,Dirty Water,The Bachelor,3.5,,,,,3/27/2019,,,,,,,,,,,,,,,,,,,,,,
393,Bourbon,Finished,Sherry,Legent,,2.5,,,,,3/27/2019,,,,,,,,,,,,,,,,,,,,,,
394,Scotch,Highland,Medium Smoke,Ardmore,15,4.5,Gordon & Macphail,,,15,3/27/2019,,,,,,,,,,,,,,,,,,,,,,
395,Bourbon,"Washington, DC",,One Eight,Untitled Whiskey No. 11,2.5,,,,,3/27/2019,,,,,,,,,,,,,,,,,,,,,,
396,Bourbon,,,George T. Stagg,,5,,?,,15,3/27/2019,,,,,,,,,,,,,,,,,,,,,,
397,Scotch,Islay,Smoke,Bowmore,10,3,,,,10,3/27/2019,,,,,,,,,,,,,,,,,,,,,,
398,Scotch,Speyside,Smoke,Balvenie,Peat Week,4,,,,,3/30/2019,,,,,,,,,,,,,,,,,,,,,,
399,Irish,Blended,Creative,Tullamore Dew,Cider Cask,3.5,,,,,3/30/2019,,,,,,,,,,,,,,,,,,,,,,
400,Scotch,Islay,Smoke,Port Charlotte,PC10 Tro Na Linntean,4,,,,10,3/30/2019,,,,,,,,,,,,,,,,,,,,,,
401,Scotch,Islay,Smoke/Sherry,Bunnahabhain,Ceobanach,4,,,,10,3/30/2019,,,,,,,,,,,,,,,,,,,,,,
402,Scotch,Highland,,Tomatin,Dualchas,2.5,,,,,4/19/2019,,,,,,,,,,,,,,,,,,,,,,
403,American,Wheat,Wheat,Bernheim,Original,4,,,,7,4/19/2019,,,,,,,,,,,,,,,,,,,,,,
404,Scotch,Island,Medium Smoke/Sherry,Talisker,Distiller's Edition,4.5,,,,10,4/19/2019,,,,,,,,,,,,,,,,,,,,,,
405,Scotch,Blended Scotch,Light Smoke,Johnnie Walker,Blue Label,3.5,,,,,4/19/2019,,,,,,,,,,,,,,,,,,,,,,
406,Bourbon,,Budget,Evan Williams,Bottled in Bond,3.5,,,,4,5/2/2019,,,,,,,,,,,,,,,,,,,,,,
407,Scotch,Highland,Wine,Dalmore,King Alexander III,4.5,,,,,5/25/2019,,,,,,,,,,,,,,,,,,,,,,
408,Scotch,Blended Scotch,Sherry,Compass Box,Delilah's XXV,4.5,,,,,5/25/2019,,,,,,,,,,,,,,,,,,,,,,
409,Scotch,Highland,Fruit,Dalwhinnie,Distiller's Edition,3,,,,,5/25/2019,,,,,,,,,,,,,,,,,,,,,,
410,Scotch,Highland,Brine,Clynelish,14,3,,,,14,5/25/2019,,,,,,,,,,,,,,,,,,,,,,
411,Scotch,Islay,Smoke/Sherry,Kilchoman,Loch Gorm,4,,2018,,5,5/25/2019,,,,,,,,,,,,,,,,,,,,,,
412,Bourbon,,Wheat,Van Winkle,Special Reserve 12,4,,?,,12,5/28/2019,,,,,,,,,,,,,,,,,,,,,,
413,American,Blended,,TX,Blended Whiskey,2.5,,,,,5/28/2019,,,,,,,,,,,,,,,,,,,,,,
414,American,Bourbon/Rye,Bourye,Wild Turkey,Forgiven,3,,,,,5/28/2019,,,,,,,,,,,,,,,,,,,,,,
415,Scotch,Islay,Smoke,Port Charlotte,Islay Barley,4,,2011,,6,5/28/2019,,,,,,,,,,,,,,,,,,,,,,
416,Rye,,,Michter's,Fort Nelson Select Rye,3.5,,,,,5/30/2019,,,,,,,,,,,,,,,,,,,,,,
417,Rye,,,Willett,Family Estate 4 Small Batch CS,3.5,,,,4,5/30/2019,,,,,,,,,,,,,,,,,,,,,,
418,Bourbon,,,Orphan Barrel,Barterhouse 20,2.5,,,,20,5/30/2019,,,,,,,,,,,,,,,,,,,,,,
419,Rye,Pennsylvania,,Lock Stock and Barrel,16 Rye,2,,,,16,5/30/2019,,,,,,,,,,,,,,,,,,,,,,
420,Rye,Vermont,,WhistlePig,Farmstock Craft,2.5,,1,,,5/30/2019,,,,,,,,,,,,,,,,,,,,,,
421,Bourbon,,,Elmer T. Lee,,3,,,,,5/30/2019,,,,,,,,,,,,,,,,,,,,,,
422,Bourbon,,,Woodford Reserve,Double Double Oaked,3.5,,,,,5/30/2019,,,,,,,,,,,,,,,,,,,,,,
423,Bourbon,,,Old Fitzgerald,Prime,3,,,,,5/30/2019,,,,,,,,,,,,,,,,,,,,,,
424,American,Malt,Creative,Woodford Reserve,Master's Collection Straight Malt,3.5,,,,,5/30/2019,,,,,,,,,,,,,,,,,,,,,,
425,Bourbon,Finished,,Yellowstone,Limited Edition,4.5,,2017,,,5/30/2019,,,,,,,,,,,,,,,,,,,,,,
426,Scotch,Highland,,Royal Brackla,11,4,Gordon & Macphail,2006,,11,5/30/2019,,,,,,,,,,,,,,,,,,,,,,
427,Scotch,Speyside,,Mortlach,21,3.5,Gordon & Macphail,2012,,21,5/30/2019,,,,,,,,,,,,,,,,,,,,,,
428,Bourbon,,,Very Old Barton,100,3.5,,,,,5/30/2019,,,,,,,,,,,,,,,,,,,,,,
429,Scotch,Speyside,,Cardhu,Gold Reserve,3.5,,,,,5/30/2019,,,,,,,,,,,,,,,,,,,,,,
430,Irish,Single Malt,,Knappogue Castle,17,2,,,,17,5/30/2019,,,,,,,,,,,,,,,,,,,,,,
431,Bourbon,Finished,,Virgil Kaine,Electric Owl 9,3,,,,9,5/30/2019,,,,,,,,,,,,,,,,,,,,,,
432,American,Oat,Creative,Woodford Reserve,Oat Grain,3.5,,,,,5/30/2019,,,,,,,,,,,,,,,,,,,,,,
433,Bourbon,,High Rye,Four Roses,Single Barrel CS Private Selection,0,,,,,5/30/2019,,,,,,,,,,,,,3,,,,,,,,,
434,American,Blended,,Barrell,Infinite Barrel Project 7/16/2018,3.5,,,,,5/30/2019,,,,,,,,,,,,,,,,,,,,,,
435,Bourbon,,,Wild Turkey,Kentucky Spirit,4.5,,,,,5/30/2019,,,,,,,,,,,,,,,,,,,,,,
436,Bourbon,,,Old Charter,8,2.5,,,,8,5/30/2019,,,,,,,,,,,,,,,,,,,,,,
437,Bourbon,,,Four Roses,Small Batch Select,4,,,,,6/3/2019,,,,,,,,,,,,,,,,,,,,,,
438,Japanese,Single Malt,Creative,Matsui,Mizunara Cask,3.5,,,,,6/3/2019,,,,,,,,,,,,,,,,,,,,,,
439,Scotch,Speyside,Sherry,Balvenie,16 Triple Cask,4,,,,16,6/3/2019,,,,,,,,,,,,,,,,,,,,,,
440,Scotch,Lowland,,Auchentoshan,20 Old Particular,3,Douglas Laing,1997,,20,6/3/2019,,,,,,,,,,,,,,,,,,,,,,
441,Scotch,Islay,Wine,Bunnahabhain,Eirigh Na Greine,3.5,,,,,6/3/2019,,,,,,,,,,,,,,,,,,,,,,
442,Scotch,Speyside,,Pittyvaich,Connoiseur's Choice 13,2.5,Gordon & Macphail,1993,,13,6/3/2019,,,,,,,,,,,,,,,,,,,,,,
443,Scotch,Speyside,Sherry,Glenlivet,13 Sherry Cask,4,,,,13,6/3/2019,,,,,,,,,,,,,,,,,,,,,,
444,World,Indian,Creative,Amrut,Naarangi,2,,,,,6/3/2019,,,,,,,,,,,,,,,,,,,,,,
445,Scotch,Islay,,Bunnahabhain,Cooper's Choice 15,4,Vintage Malt Whisky Company,2001,,15,6/3/2019,,,,,,,,,,,,,,,,,,,,,,
446,Bourbon,,Budget,Ezra Brooks,Old Ezra 7 101,4,,,,7,6/3/2019,,,,,,,,,,,,,,,,,,,,,,
447,Bourbon,,Budget,Ezra Brooks,Old Ezra 7 Barrel Strength,4,,,,7,6/3/2019,,,,,,,,,,,,,,,,,,,,,,
448,Rye,Alberta,,WhistlePig,15,5,,,,15,6/3/2019,,,,,,,,,,,,,,,,,,,,,,
449,Scotch,Speyside,,Mortlach,15,4.5,Signatory Vintage,1991,,15,6/3/2019,,,,,,,,,,,,,,,,,,,,,,
450,Scotch,Island,Medium Smoke/Port,Talisker,Port Ruighe,4,,,,,6/3/2019,,,,,,,,,,,,,,,,,,,,,,
451,Scotch,Campbeltown,Smoke/Wine,Longrow,13 Malbec Red,4.5,,,,13,6/3/2019,,,,,,,,,,,,,,,,,,,,,,
452,Rye,,,WhistlePig,13 CS,0,,,,13,6/3/2019,,,,,,,,,,2.5,,,,,,,,,,,,
453,Scotch,Speyside,,Dailuaine,Undisclosed Speyside 28,3.5,Single Cask Nation,,,28,6/3/2019,,,,,,,,,,,,,,,,,,,,,,
454,Scotch,Speyside,,Dailuaine,Raw Cask,4.5,Blackadder,1996,,,6/3/2019,,,,,,,,,,,,,,,,,,,,,,
455,Scotch,Campbeltown,,Glen Scotia,Benchmark 25,4.5,Murray McDavid,1991,,25,6/3/2019,,,,,,,,,,,,,,,,,,,,,,
456,Scotch,Speyside,,Dailuaine,10,3.5,Exclusive Malts,2007,,10,6/3/2019,,,,,,,,,,,,,,,,,,,,,,
457,Scotch,Islay,Smoke/Rum,Ardbeg,Drum,4,,,,,6/3/2019,,,,,,,,,,,,,,,,,,,,,,
458,Scotch,Islay,Smoke/Rum,Ardbeg,Drum Committee Release,4,,,,,6/3/2019,,,,,,,,,,,,,,,,,,,,,,
459,Scotch,Islay,Smoke/Sherry,Laphroaig,Cairdeas Fino,3.5,,2018,,,6/3/2019,,,,,,,,,,,,,,,,,,,,,,
460,Japanese,Blended,Sherry,Hibiki,Japanese Harmony Master's Select,3.5,,,,,6/3/2019,,,,,,,,,,,,,,,,,,,,,,
461,Scotch,Highland,,Old Pulteney,17,4.5,,,,17,6/3/2019,,,,,,,,,,,,,,,,,,,,,,
462,Scotch,Blended Scotch,Light Smoke,Cuttty Sark,Prohibition,4,,,,,6/3/2019,,,,,,,,,,,,,,,,,,,,,,
463,Scotch,Blended Malt,Malt,Compass Box,Oak Cross,3.5,,,,,6/7/2019,,,,,,,,,,,,,,,,,,,,,,
464,Irish,Blended,Port,Clonakilty,Port Cask,2.5,,,,,6/7/2019,,,,,,,,,,,,,,,,,,,,,,
465,American,Blended,,Barrell,Whiskey Batch 001,3.5,,,,7,6/7/2019,,,,,,,,,,,,,,,,,,,,,,
466,American,Finished,Rum,Barrell,Dovetail,5,,,,,6/7/2019,,,,,,,,,,,,,,,,,,,,,,
467,Bourbon,Finished,Sherry,Wild Turkey,Master's Keep Revival,3,,,,4,6/7/2019,,,,,,,,,,,,,,,,,,,,,,
468,Bourbon,,,Wild Turkey,Decades,3,,,,10,6/7/2019,,,,,,,,,,,,,,,,,,,,,,
469,American,Bourbon/Rye,Bourye,Blackened,Batch 089,3.5,,,,,6/7/2019,,,,,,,,,,,,,,,,,,,,,,
470,World,Indian,Smoke,Paul John,Peated Select,4,,,,,6/7/2019,,,,,,,,,,,,,,,,,,,,,,
471,Scotch,Highland,Sherry,Dalmore,Cigar Malt,4.5,,,,,6/7/2019,,,,,,,,,,,,,,,,,,,,,,
472,Scotch,Speyside,,Glenrothes,20,4,Single Cask Nation,,,20,6/10/2019,,,,,,,,,,,,,,,,,,,,,,
473,Scotch,Speyside,Sherry,Glentauchers,8,4.5,Single Cask Nation,,,8,6/10/2019,,,,,,,,,,,,,,,,,,,,,,
474,Scotch,Highland,,Macduff,13,2.5,Single Cask Nation,,,13,6/10/2019,,,,,,,,,,,,,,,,,,,,,,
475,Scotch,Highland,,Croftengea,10,4.5,Single Cask Nation,,,10,6/10/2019,,,,,,,,,,,,,,,,,,,,,,
476,Scotch,Speyside,Sulphur,Craigellachie,10,4,Single Cask Nation,,,10,6/10/2019,,,,,,,,,,,,,,,,,,,,,,
477,American,Light Whisky,Creative,MGP,10,4,Single Cask Nation,,,10,6/10/2019,,,,,,,,,,,,,,,,,,,,,,
478,American SM,Pennsylvania,Smoke,New Liberty,Cradle of Liberty Cherrywood Smoked,3,,,,,6/14/2019,,,,,,,,,,,,,,,,,,,,,,
479,Scotch,Speyside,,Octave/Whisky Peddler,Iconic Speyside,3.5,Duncan Taylor,,,,6/14/2019,,,,,,,,,,,,,,,,,,,,,,
480,Scotch,Speyside,Fruit,Singleton,12,2.5,,,,12,6/14/2019,,,,,,,,,,,,,,,,,,,,,,
481,Bourbon,New York,,Hillrock Estate,Solera Aged,3,,,,,6/14/2019,,,,,,,,,,,,,,,,,,,,,,
482,Scotch,Blended Scotch,Creative,Chivas Regal,Mizunara,3,,,,,6/14/2019,,,,,,,,,,,,,,,,,,,,,,
483,Rye,Pennsylvania,,Wigle,,3.5,,,,,6/14/2019,,,,,,,,,,,,,,,,,,,,,,
484,Scotch,Speyside,Malt,Balvenie,Sweet Toast of American Oak 12,4.5,,,,12,6/21/2019,,,,,,,,,,,,,,,,,,,,,,
485,Rye,Alberta,,WhistlePig,12 CS,0,,,,12,6/21/2019,,,,,,,,,,4.5,,,,,,,,,,,,
486,Scotch,Speyside,Sherry,Macallan,Classic Cut,3.5,,,,,6/21/2019,,,,,,,,,,,,,,,,,,,,,,
487,American SM,Pennsylvania,,Red Brick,,3.5,,,,,6/28/2019,,,,,,,,,,,,,,,,,,,,,,
488,American SM,Pennsylvania,,Red Brick,Barrel Strength,4,,,,,6/28/2019,,,,,,,,,,,,,,,,,,,,,,
489,Scotch,Highland,,Clynelish,Connoiseur's Choice 11,4,Gordon & Macphail,,,11,6/28/2019,,,,,,,,,,,,,,,,,,,,,,
490,Irish,Single Malt,,Glendalough,13,3,,,,13,6/28/2019,,,,,,,,,,,,,,,,,,,,,,
491,Bourbon,Pennsylvania,,Kinsey,10,3.5,,,,10,6/28/2019,,,,,,,,,,,,,,,,,,,,,,
492,Scotch,Islay,,Bowmore,Old & Rare 20,4.5,Douglas Laing,,,20,6/28/2019,,,,,,,,,,,,,,,,,,,,,,
493,Scotch,Speyside,Sherry,Macallan,Old & Rare 21,4.5,Douglas Laing,,,21,6/28/2019,,,,,,,,,,,,,,,,,,,,,,
494,Scotch,Campbeltown,,Glen Scotia,Distillery Exclusive 18,4.5,,,,18,6/28/2019,,,,,,,,,,,,,,,,,,,,,,
495,Scotch,Speyside,Port,Glenfarclas,10 Port Barrel Speyside,5,Exclusive Malts,2004,,10,6/28/2019,,,,,,,,,,,,,,,,,,,,,,
496,Scotch,Highland,,Strathisla,12,4,,,,12,6/28/2019,,,,,,,,,,,,,,,,,,,,,,
497,Scotch,Speyside,Creative,Glen Moray,Cider Cask,4,,,,,6/28/2019,,,,,,,,,,,,,,,,,,,,,,
498,Scotch,Speyside,,Lost Distillery,Towiemore,4,,,,,6/28/2019,,,,,,,,,,,,,,,,,,,,,,
499,Scotch,Highland,,Glen Garioch,15 Renaissance Ch. 1,4.5,,,,15,6/28/2019,,,,,,,,,,,,,,,,,,,,,,
500,Bourbon,,,New Riff,Single Barrel,3.5,,,,,7/3/2019,,,,,,,,,,,,,,,,,,,,,,
501,Scotch,Highland,Malt,Glenmorangie,Milsean,3.5,,,,,7/3/2019,,,,,,,,,,,,,,,,,,,,,,
502,Rye,MGP,,WhistlePig,Boss Hog III: The Independent,3.5,,,,14,7/3/2019,,,,,,,,,,,,,,,,,,,,,,
503,Rye,,Rum,Basil Hayden's,Caribbean Reserve Rye,2,,,,,7/6/2019,,,,,,,,,,,,,,,,,,,,,,
504,American SM,Arizona,Smoke,Whiskey Del Bac,Dorado,3,,,,,7/6/2019,,,,,,,,,,,,,,,,,,,,,,
505,Scotch,Highland,Sherry,Tomatin,12,4,,,,12,7/6/2019,,,,,,,,,,,,,,,,,,,,,,
506,Japanese,Blended,,Nikka,From the Barrel,4,,,,,7/6/2019,,,,,,,,,,,,,,,,,,,,,,
507,Scotch,Highland,Port,Glenmorangie,Quinta Ruban 14,3.5,,,,14,7/6/2019,,,,,,,,,,,,,,,,,,,,,,
508,Scotch,Highland,Light Smoke,Glenglassaugh,Torfa,4,,,,,7/6/2019,,,,,,,,,,,,,,,,,,,,,,
509,Scotch,Highland,Light Smoke/Sherry,Oban,Distiller's Edition,4.5,,,,,7/6/2019,,,,,,,,,,,,,,,,,,,,,,
510,Scotch,Islay,,Bowmore,11,3.5,Cooper's Choice,,,11,7/6/2019,,,,,,,,,,,,,,,,,,,,,,
511,Bourbon,,,Colonel E.H. Taylor,Single Barrel,4,,,,,7/6/2019,,,,,,,,,,,,,,,,,,,,,,
512,American,Oregon,Wheat,Oregon Spirit,Wheat Whiskey,2.5,,,,,7/6/2019,,,,,,,,,,,,,,,,,,,,,,
513,Bourbon,,Budget,Johnny Drum,Private Stock,2.5,,,,,7/6/2019,,,,,,,,,,,,,,,,,,,,,,
514,Scotch,Blended Scotch,,John Barr,,1.5,,,,,7/11/2019,,,,,,,,,,,,,,,,,,,,,,
515,Scotch,Islay,Smoke/Wine,Port Charlotte,MRC:01,4.5,,,,7,7/15/2019,,,,,,,,,,,,,,,,,,,,,,
516,Scotch,Islay,Smoke,Ardbeg,Galileo,4,,,,,7/15/2019,,,,,,,,,,,,,,,,,,,,,,
517,American,Finished,Rum,Barrell,Whiskey Batch 004,5,,,,11,7/15/2019,,,,,,,,,,,,,,,,,,,,,,
518,Scotch,Highland,Sherry,Dalmore,15,3,,,,15,7/15/2019,,,,,,,,,,,,,,,,,,,,,,
519,Scotch,Speyside,Light Smoke,Glenrothes,Peated Cask,4,,,,,7/15/2019,,,,,,,,,,,,,,,,,,,,,,
520,Rye,Pennsylvania,,Dad's Hat,Classic,3.5,,,,,7/26/2019,,,,,,,,,3,,,,,,,,,,,,,
521,Rye,Pennsylvania,,Dad's Hat,Straight,2.5,,,,,7/26/2019,,,,,,,,,,,,,,,,,,,,,,
522,Irish,Single Pot Still,Wine,Red Spot,,4.5,,,,15,7/26/2019,,,,,,,,,,,,,,,,,,,,,,
523,Rye,Pennsylvania,,Dad's Hat,Bottled in Bond,4,,,,4,7/26/2019,,,,,,,,,,,,,,,,,,,,,,
524,Scotch,Blended Scotch,,Famous Grouse,,3,,,,,7/26/2019,,,,,,,,,,,,,,,,,,,,,,
525,Canadian,,,Lot 40,,4,,,,,7/26/2019,,,,,,,,,,,,,,,,,,,,,,
526,Rye,Pennsylvania,,Whiskey Rebellion,,3.5,,,,,7/27/2019,,,,,,,,,,,,,,,,,,,,,,
527,World,English,,London Distillery,109 Cask Edition,3,,,,,7/27/2019,,,,,,,,,,,,,,,,,,,,,,
528,Bourbon,,High Rye,Old Forester,Birthday Bourbon,4,,2018,,,7/28/2019,,,,,,,,,,,,,,,,,,,,,,
529,Bourbon,,Wheat,W.L. Weller,C.Y.P.B.,4,,,,,7/28/2019,,,,,,,,,,,,,,,,,,,,,,
530,Bourbon,,,Eagle Rare,17,5,,?,,17,7/28/2019,,,,,,,,,,,,,,,,,,,,,,
531,Scotch,Island,Light Smoke,Highland Park,14,4,James MacArthur,,,14,7/28/2019,,,,,,,,,,,,,,,,,,,,,,
532,Scotch,Islay,Smoke/Sherry,Kilchoman,Sanaig,4.5,,,,,7/28/2019,,,,,,,,,,,,,,,,,,,,,,
533,Scotch,Blended Scotch,,Syndicate 58/6,,4,,,,12,8/2/2019,,,,,,,,,,,,,,,,,,,,,,
534,American SM,Pennsylvania,,Bluebird,Single Malt,2.5,,,,,8/2/2019,,,,,,,,,,,,,,,,,,,,,,
535,Scotch,Speyside,Malt,Longmorn,16 (Old Version),4.5,,,,16,8/2/2019,,,,,,,,,,,,,,,,,,,,,,
536,Scotch,Speyside,,Longmorn,Distiller's Choice,3.5,,,,,8/2/2019,,,,,,,,,,,,,,,,,,,,,,
537,Bourbon,New York,,Widow Jane,12,4,,,,12,8/2/2019,,,,,5,,,,4,,,,,,,,,,,,,
538,Scotch,Speyside,Rum,Glenfiddich,21 Rum Cask,3,,,,21,8/2/2019,,,,,,,,,,,,,,,,,,,,,,
539,Bourbon,Pennsylvania,,Boardroom,Northbound Bourbon,2.5,,,,,8/3/2019,,,,,,,,,,,,,,,,,,,,,,
540,Rye,Pennsylvania,,Boardroom,Northbound Rye,3,,,,,8/3/2019,,,,,,,,,,,,,,,,,,,,,,
541,Flavored,Specialty Spirit,Creative,Red Brick,From the Woods Black Birch,4,,,,,8/3/2019,,,,,,,,,,,,,,,,,,,,,,
542,Rye,Pennsylvania,,New Liberty,Millstone Rye,2.5,,,,,8/3/2019,,,,,,,,,,,,,,,,,,,,,,
543,Flavored,Specialty Spirit,Creative,New Liberty,Single Hive Honey,3,,,,,8/3/2019,,,,,,,,,,,,,,,,,,,,,,
544,Japanese,Blended,,Akashi,White Oak,2.5,,,,,8/3/2019,,,,,,,,,,,,,,,,,,,,,,
545,Japanese,Blended,,Mars,Iwai Tradition,3,,,,,8/3/2019,,,,,,,,,,,,,,,,,,,,,,
546,Bourbon,,,George T. Stagg,,5,,2018,,15,8/3/2019,,,,,,,,,,,,,,,,,,,,,,
547,Scotch,Island,Medium Smoke,Talisker,Storm,4,,,,,8/10/2019,,,,,,,,,,,,,,,,,,,,,,
548,Bourbon,Tennessee,,George Dickel,No. 8,2.5,,,,,8/16/2019,,,,,,,,,,,,,,,,,,,,,,
549,Rye,,,Old Forester,,3,,,,,8/21/2019,,,,,,,,,,,,,,,,,,,,,,
550,Bourbon,,,Noah's Mill,,5,,,,,8/23/2019,,,,,,,,,,,,,,,,,,,,,,
551,Scotch,Highland,Light Smoke,Oban,Bay Reserve,4,,,,,8/23/2019,,,,,,,,,,,,,,,,,,,,,,
552,American,Pennsylvania,,Kinsey,7 CS,4,,,,7,8/23/2019,,,,,,,,,,,,,,,,,,,,,,
553,Scotch,Highland,Rum,Highland Queen,Majesty Rum Cask,3.5,,,,,8/23/2019,,,,,,,,,,,,,,,,,,,,,,
554,Bourbon,,Wheat,Rebel Yell,10,3,,,,10,8/23/2019,,,,,,,,,,,,,,,,,,,,,,
555,Scotch,Highland,Malt,Dalwhinnie,Winter's Gold,4,,,,,8/23/2019,,,,,,,,,,,,,,,,,,,,,,
556,Scotch,Highland,Malt,Dalwhinnie,Winter's Frost,3.5,,,,,8/23/2019,,,,,,,,,,,,,,,,,,,,,,
557,World,Indian,,Amrut,Cask Strength,3.5,,,,,8/26/2019,,,,,,,,,,,,,,,,,,,,,,
558,World,Indian,Madeira,Amrut,Madeira Finish,2.5,,,,,8/27/2019,,,,,,,,,,,,,,,,,,,,,,
559,Canadian,Single Malt,,Glen Breton,Rare 10,3,,,,10,8/28/2019,,,,,,,,,,,,,,,,,,,,,,
560,Scotch,Speyside,Sherry,Macallan,Edition No. 4,4,,,,,8/29/2019,,,,,,,,,,,,,,,,,,,,,,
561,Scotch,Speyside,,Glentauchers,Treasurer's Selection 20,2.5,Robert Graham,1996,,20,8/30/2019,,,,,,,,,,,,,,,,,,,,,,
562,Bourbon,,,Blanton's,Gold,4.5,,,,,8/31/2019,,,,,,,,,,,,,,,,,,,,,,
563,Scotch,Highland,,Blair Athol,12,2.5,,,,12,9/1/2019,,,,,,,,,,,,,,,,,,,,,,
564,Scotch,Speyside,,BenRiach,Peated/Virgin Oak Cask 7,4.5,,2012,,7,9/2/2019,,,,,,,,,,,,,,,,,,,,,,
565,Bourbon,New York,,Cooperstown,Abner Doubleday's Bourbon,3,,,,,9/3/2019,,,,,,,,,,,,,,,,,,,,,,
566,Bourbon,Blended,,Barrell,Bourbon Batch 019,2.5,,,,9.5,9/4/2019,,,,,,,,,,,,,,,,,,,,,,
567,Scotch,Islay,Malt/Light Smoke,Bruichladdich,Black Art 1990,4,,4.1,,23,9/5/2019,,,,,,,,,,,,,,,,,,,,,,
568,Scotch,Campbeltown,,Longrow,Warehouse Tasting 11,3.5,Cadenhead's,,,11,9/6/2019,,,,,,,,,,,,,,,,,,,,,,
569,Scotch,Campbeltown,,Glen Scotia,Benchmark 21,3.5,Murray McDavid,1991,,21,9/18/2019,,,,,,,,,,,,,,,,,,,,,,
570,Scotch,Highland,Sherry,Glenmorangie,18 Extremely Rare,4,,,,18,9/18/2019,,,,,,,,,,,,,,,,,,,,,,
571,Scotch,Highland,Malt,Glenmorangie,Allta,4.5,,,,,9/18/2019,,,,,,,,,,,,,,,,,,,,,,
572,Scotch,Islay,Smoke,Ardbeg,Traigh Bhan 19,4.5,,,,19,10/4/2019,,,,,,,,,,,,,,,,,,,,,,
573,Scotch,Blended Malt,Malt,Cadenhead's,Highland PBS,4.5,Cadenhead's,,,,10/5/2019,,,,,,,,,,,,,,,,,,,,,,
574,Scotch,Lowland,,Auchentoshan,5.69 Triple Whammy 17,2.5,Scotch Malt Whisky Society,,,17,10/5/2019,,,,,,,,,,,,,,,,,,,,,,
575,Scotch,Islay,,Caol Ila,53.270 Preparation for Skinny Dipping 7,4,Scotch Malt Whisky Society,,,7,10/5/2019,,,,,,,,,,,,,,,,,,,,,,
576,Scotch,Highland,Light Smoke/Sherry,Tomatin,Cu Bocan,2,,,,,10/5/2019,,,,,,,,,,,,,,,,,,,,,,
577,Rye,New York,,Hudson,Manhattan Rye,2.5,,,,,10/5/2019,,,,,,,,,,,,,,,,,,,,,,
578,Rye,Maryland,Creative,Sagamore,Cognac Finish,3,,,,,10/5/2019,,,,,,,,,,,,,,,,,,,,,,
579,Rye,Maryland,Port,Sagamore,Port Finish,2.5,,,,,10/5/2019,,,,,,,,,,,,,,,,,,,,,,
580,Rye,California,,Old Potrero,Single Malt Rye,3.5,,,,,10/5/2019,,,,,,,,,,,,,,,,,,,,,,
581,Rye,Pennsylvania,Creative,Dad's Hat,Maple Finish,3.5,,,,,10/5/2019,,,,,,,,,,,,,,,,,,,,,,
582,Scotch,Highland,,Inchmurrin,10 CS,3,,,,10,10/12/2019,,,,,,,,,,,,,,,,,,,,,,
583,Scotch,Speyside,Light Smoke,Shieldaig,12,3.5,,,,12,10/12/2019,,,,,,,,,,,,,,,,,,,,,,
584,Scotch,Highland,Malt,Grangestone,12,3,,,,12,10/12/2019,,,,,,,,,,,,,,,,,,,,,,
585,Scotch,Highland,Malt,Grangestone,12 Bourbon Cask Finish,3,,,,12,10/12/2019,,,,,,,,,,,,,,,,,,,,,,
586,Rye,"Washington, DC",,Republic Restoratives,Rodham Rye,2.5,,,,,10/12/2019,,,,,,,,,,,,,,,,,,,,,,
587,Bourbon,"Washington, DC",,Republic Restoratives,Bourough Bourbon,4,,,,,10/16/2019,,,,,,,,,,,,,,,,,,,,,,
588,Scotch,Islay,Smoke,Lagavulin,11 Offerman Edition,4,,,,11,10/16/2019,,,,,,,,,,,,,,,,,,,,,,
589,Scotch,Highland,Malt,Deanston,12,3.5,,,,12,10/16/2019,,,,,,,,,,,,,,,,,,,,,,
590,Scotch,Highland,Rum,Grangestone,Rum Cask Finish,3,,,,,10/16/2019,,,,,,,,,,,,,,,,,,,,,,
591,Scotch,Highland,Sherry,Grangestone,Sherry Cask Finish,2.5,,,,,10/18/2019,,,,,,,,,,,,,,,,,,,,,,
592,Scotch,Speyside,,Mortlach,Rare Old,3.5,,,,,10/18/2019,,,,,,,,,,,,,,,,,,,,,,
593,Rye,Pennsylvania,,Dad's Hat,Cask Strength,4,,,,,7/27/2019,,4.5,,,,,4.5,,,,,,,2.5,4.5,3,3.5,3,3.5,4,4,3.5
594,Scotch,Highland,,Clynelish,Reserve,3,,,,,10/18/2019,,,,,,,,,,,,,,,,,,,,,,
595,Scotch,Blended Scotch,Light Smoke,Teacher's,Highland Cream,4,,,,,10/18/2019,,,,,,,,,,,,,,,,,,,,,,
596,Scotch,Highland,Sherry,Glengoyne,Legacy,4,,1,,,10/22/2019,,,,,,,,,,,,,,,,,,,,,,
597,Irish,Single Malt,Sherry,Irish Single Malt #1 (Bushmills),15,3.5,That Boutique-y Whisky Company,B5,,15,10/22/2019,,,,,,,,,,,,,,,,,,,,,,
598,Japanese,Blended,,Japanese Blended Whisky #1,21,3,That Boutique-y Whisky Company,B3,,21,10/22/2019,,,,,,,,,,,,,,,,,,,,,,
599,Scotch,Speyside,,Benrinnes,17,2.5,That Boutique-y Whisky Company,B7,,17,10/22/2019,,,,,,,,,,,,,,,,,,,,,,
600,World,South African,Sherry,James Sedgwick,Three Ships,5,That Boutique-y Whisky Company,B2,,,10/22/2019,,,,,,,,,,,,,,,,,,,,,,
601,Scotch,Islay,,Bowmore,15,4.5,That Boutique-y Whisky Company,B11,,15,10/22/2019,,,,,,,,,,,,,,,,,,,,,,
602,Scotch,Islay,Smoke,Ardbeg,12,4,That Boutique-y Whisky Company,B15,,12,10/22/2019,,,,,,,,,,,,,,,,,,,,,,
603,Scotch,Islay,,Islay #2 (Laphroaig via Ardbeg),25,4,That Boutique-y Whisky Company,B2,,25,10/22/2019,,,,,,,,,,,,,,,,,,,,,,
604,Scotch,Speyside,,Glen Elgin,9,3.5,That Boutique-y Whisky Company,B9,,9,10/22/2019,,,,,,,,,,,,,,,,,,,,,,
605,Scotch,Lowland,,Auchentoshan,10,4.5,That Boutique-y Whisky Company,B7,,10,10/22/2019,,,,,,,,,,,,,,,,,,,,,,
606,Scotch,Speyside,,Glenrothes,20,3.5,That Boutique-y Whisky Company,B6,,20,10/22/2019,,,,,,,,,,,,,,,,,,,,,,
607,Scotch,Speyside,,Aultmore,20,2.5,That Boutique-y Whisky Company,B9,,20,10/22/2019,,,,,,,,,,,,,,,,,,,,,,
608,Scotch,Highland,Sherry,Dalmore,15,4,That Boutique-y Whisky Company,B5,,15,10/22/2019,,,,,,,,,,,,,,,,,,,,,,
609,Scotch,Highland,,Deanston,18,3.5,That Boutique-y Whisky Company,B4,,18,10/22/2019,,,,,,,,,,,,,,,,,,,,,,
610,Scotch,Islay,Smoke,Port Charlotte,13,4.5,That Boutique-y Whisky Company,B8,,13,10/25/2019,,,,,,,,,,,,,,,,,,,,,,
611,Rye,Texas,,Balcones,Texas Rye,4,,,,,10/25/2019,,,,,,,,,,,,,,,,,,,,,,
612,Bourbon,,,1792,Full Proof,3.5,,,,,10/25/2019,,,,,,,,,4,,,,,,,,,,,,,
613,Rye,,,Kentucky Owl,10 Rye,3.5,,,,10,10/25/2019,,,,,,,,,,,,,,,,,,,,,,
614,Scotch,Campbeltown,Rum/Medium Smoke,Glen Scotia,Rum Cask Finish,2.5,,2019,,,10/25/2019,,,,,,,,,,,,,,,,,,,,,,
615,World,Taiwanese,,Kavalan,Distillery Select,4,,,,,10/25/2019,,,,,,,,,,,,,,,,,,,,,,
616,Japanese,Single Malt,,Nikka,Coffey Malt,3,,,,,10/25/2019,,,,,,,,,,,,,,,,,,,,,,
617,Scotch,Highland,Sherry,Tomatin,18,2,,,,18,10/25/2019,,,,,,,,,,,,,,,,,,,,,,
618,American SM,California,Creative,St. George,Baller,3,,,,,10/25/2019,,,,,,,,,,,,,,,,,,,,,,
619,Bourbon,,,Peerless,,3,,,,,10/25/2019,,,,,,,,,,,,,,,,,,,,,,
620,Scotch,Speyside,Sherry,Aberlour,12,4,,,,12,10/25/2019,,,,,,,,,,,,,,,,,,,,,,
621,Bourbon,New York,,Widow Jane,The Vaults 14,3.5,,,,14,10/25/2019,,,,,,,,,,,,,,,,,,,,,,
622,American,New York,Creative,Widow Jane,Applewood Rye Mash,3,,,,,10/25/2019,,,,,,,,,,,,,,,,,,,,,,
623,Scotch,Speyside,Sherry,Macallan,Gold,3,,,,,10/25/2019,,,,,,,,,,,,,,,,,,,,,,
624,Scotch,Island,Light Smoke,Jura,Seven Wood,3.5,,,,,10/25/2019,,,,,,,,,,,,,,,,,,,,,,
625,Bourbon,Finished,Wine,Jefferson's,Grand Selection Chateau Pichon Baron,3,,,,,10/25/2019,,,,,,,,,,,,,,,,,,,,,,
626,Scotch,Lowland,,Auchentoshan,American Oak,3,,,,,10/25/2019,,,,,,,,,,,,,,,,,,,,,,
627,Bourbon,,,Yellowstone,9 Limited Edition,3,,2019,,9,10/25/2019,,,,,,,,,,,,,,,,,,,,,,
628,American SM,Virginia,Creative,Virginia,Cider Cask Virginia-Higland,2.5,,,,,10/25/2019,,,,,,,,,,,,,,,,,,,,,,
629,Bourbon,"Washington, DC",,Joseph Magnus,,2.5,,,,,10/25/2019,,,,,,,,,,,,,,,,,,,,,,
630,Scotch,Island,Medium Smoke/Sherry,Talisker,Skye,3.5,,,,,10/25/2019,,,,,,,,,,,,,,,,,,,,,,
631,Scotch,Campbeltown,,Glen Scotia,1832 Campbeltown,4.5,,,,,10/25/2019,,,,,,,,,,,,,,,,,,,,,,
632,Bourbon,Blended,,Barrell,Bourbon Batch 020,3.5,,,,10,10/27/2019,,,,,,,,,,,,,,,,,,,,,,
633,Japanese,Single Malt,,Akashi,Single Malt,2.5,,,,,10/27/2019,,,,,,,,,,,,,,,,,,,,,,
634,Japanese,Pure Malt,Sherry,Kurayoshi,Sherry Cask 8,3,,,,8,10/27/2019,,,,,,,,,,,,,,,,,,,,,,
635,Japanese,Rice,,Ohishi,Sakura,2,,,,,10/27/2019,,,,,,,,,,,,,,,,,,,,,,
636,Japanese,Rice,,Ohishi,Tokubetsu,2.5,,,,,10/27/2019,,,,,,,,,,,,,,,,,,,,,,
637,American SM,,,Barrell,American Vatted Malt,3.5,,,,,10/27/2019,,,,,,,,,,,,,,,,,,,,,,
638,Japanese,Rice,,Fukano,Vault Reserve 2,3.5,,,,,10/27/2019,,,,,,,,,,,,,,,,,,,,,,
639,Bourbon,,,Elijah Craig,Barrel Proof,3.5,,B519,,12,10/30/2019,,,,,,,,,,,,,,,,,,,,,,
640,American,Pennsylvania,Wine,Kinsey,Zinfandel Cask Finish,3.5,,,,,10/30/2019,,,,,,,,,,,,,,,,,,,,,,
641,Bourbon,,,Rowan's Creek,,3,,,,,11/1/2019,,,,,,,,,,,,,,,,,,,,,,
642,Bourbon,Wyoming,,Wyoming,Private Stock,0,,,,,11/1/2019,,,4,,,,,,,,,,,,,,,,,,,
643,Rye,Wisconsin,,Driftless Glen,Single Barrel,0,,,,,11/1/2019,,,,,,2.5,,,,,,,,,,,,,,,,
644,Bourbon,New York,,Taconic,Barrel Strength,2.5,,,,,11/1/2019,,,,,,,,,,,,,,,,,,,,,,
645,Bourbon,New York,,Widow Jane,Baby Jane 1,3,,,,1,11/7/2019,,,,,,,,,,,,,,,,,,,,,,
646,World,Welsh,Madeira,Penderyn,Legend,3,,,,,11/13/2019,,,,,,,,,,,,,,,,,,,,,,
647,World,Welsh,Madeira,Penderyn,Myth,3,,,,,11/13/2019,,,,,,,,,,,,,,,,,,,,,,
648,World,Welsh,,Penderyn,Celt,2.5,,,,,11/13/2019,,,,,,,,,,,,,,,,,,,,,,
649,World,Welsh,Light Smoke,Penderyn,Madeira,3.5,,,,,11/13/2019,,,,,,,,,,,,,,,,,,,,,,
650,World,Welsh,Wine,Penderyn,Rich Oak,4,,,,,11/13/2019,,,,,,,,,,,,,,,,,,,,,,
651,World,Welsh,Sherry,Penderyn,Sherrywood,2.5,,,,,11/13/2019,,,,,,,,,,,,,,,,,,,,,,
652,World,Welsh,Light Smoke,Penderyn,Peated,3.5,,,,,11/13/2019,,,,,,,,,,,,,,,,,,,,,,
653,Scotch,Highland,Malt,Edradour,10 Distillery Edition,3.5,,,,10,11/13/2019,,,,,,,,,,,,,,,,,,,,,,
654,Scotch,Blended Malt,Fruit,Wardhead,22,3,r/Scotch,,,22,11/15/2019,,,,,,,,,,,,,,,,,,,,,,
655,Scotch,Highland,Medium Smoke,Ardmore,11,4.5,r/Scotch,,,11,11/15/2019,,,,,,,,,,,,,,,,,,,,,,
656,Scotch,Island,Medium Smoke,Talisker,57° North,4.5,,,,,11/15/2019,,,,,,,,,,,,,,,,,,,,,,
657,Scotch,Blended,Light Smoke,Compass Box,Great King St. Experimental 00-V4,2.5,,,,,11/16/2019,,,,,,,,,,,,,,,,,,,,,,
658,Scotch,Islay,Smoke/Wine,Port Charlotte,CC:01,4.5,,,,8,11/16/2019,,,,,,,,,,,,,,,,,,,,,,
659,American,Tennessee,,Jack Daniel's,Single Barrel Select,4,,,,,11/17/2019,,,,,,,,,,,,,,,,,,,,,,
660,Bourbon,,,Knob Creek,Single Barrel 14,0,,,,14,11/21/2019,,,,,,,3,,,5,,,,,,,,,,,,
661,Bourbon,,,Orphan Barrel,Rhetoric 24,4.5,,,,24,11/21/2019,,,,,,,,,,,,,,,,,,,,,,
662,Bourbon,,,Stagg Jr.,,4,,8,,8,11/21/2019,,,,,,,,,,,,,,,,,,,,,,
663,Bourbon,Nevada,,Smoke Wagon,,2.5,,,,,11/21/2019,,,,,,,,,,,,,,,,,,,,,,
664,Bourbon,Nevada,Sherry,Infuse,Broken Barrel,3.5,,,,,11/21/2019,,,,,,,,,,,,,,,,,,,,,,
665,Bourbon,,,Heaven Hill,6,4,,,,6,11/21/2019,,,,,,,,,,,,,,,,,,,,,,
666,American,Wheat/Oat,Creative,High West,Valley Tan,2.5,,,,,11/21/2019,,,,,,,,,,,,,,,,,,,,,,
667,Irish,Single Malt,Wine,Tyrconnell,16 Oloroso & Moscatel Cask Finish,3,,,,16,11/21/2019,,,,,,,,,,,,,,,,,,,,,,
668,Bourbon,,,Willett,80th Anniversary,2.5,,,,4,11/21/2019,,,,,,,,,,,,,,,,,,,,,,
669,Rye,,,Russell's Reserve,Single Barrel Rye,3.5,,,,6,11/21/2019,,,,,,,,,,,,,,,,,,,,,,
670,Bourbon,,,George T. Stagg,,4.5,,2017,,15,11/21/2019,,,,,,,,,,,,,,,,,,,,,,
671,Bourbon,,,Bomberger's,Declaration,3.5,,2019,,,11/21/2019,,,,,,,,,,,,,,,,,,,,,,
672,Bourbon,,,Kentucky Owl,Confiscated,2.5,,,,,11/21/2019,,,,,,,,,,,,,,,,,,,,,,
673,Bourbon,,,Michter's,Toasted Barrel Finish Sour Mash,4,,,,,11/21/2019,,,,,,,,,,,,,,,,,,,,,,
674,Scotch,Speyside,,Braes of Glenlivet,23,4,Exclusive Malts,1994,,23,11/21/2019,,,,,,,,,,,,,,,,,,,,,,
675,Scotch,Island,,Ledaig,13,4,Single Cask Nation,,,13,11/21/2019,,,,,,,,,,,,,,,,,,,,,,
676,Bourbon,,Wheat,Larceny,Barrel Proof,3,,A120,,6,11/21/2019,,,,,,,,,,,,,,,,,,,,,,
677,Bourbon,,,Little Book,The Easy,3,,3,,,11/21/2019,,,,,,,,,,,,,,,,,,,,,,
678,Bourbon,Finished,Rum,Blood Oath,Pact V,5,,,,,11/22/2019,,,,,,,,,,,,,,,,,,,,,,
679,Bourbon,Tennessee,Smoke,Corsair,Triple Smoke,3,,,,,11/22/2019,,,,,,,,,,,,,,,,,,,,,,
680,Scotch,Islay,Smoke,Laphroaig,15,4,,,,15,11/28/2019,,,,,,,,,,,,,,,,,,,,,,
681,Bourbon,,Wheat,Maker's Mark,Private Select,4,,,,,11/21/2019,3.5,,,,,,,4,4,,,,,,,,,,,,,
682,Scotch,Blended,Malt,Compass Box,Great King St. Artist's Blend,0,,,,,11/30/2019,,,,,,,,,,,,,,,,,,,,,,
683,Bourbon,,,Jefferson's,Ocean,0,,10,,,12/2/2019,,,,,,,,,3,,,,,,,,,,,,,
684,Scotch,Speyside,,Crown Royal,Single Barrel,0,,,,,12/2/2019,,,,,,,,,4,,,,,,,,,,,,,
685,American,Tennessee,,Heaven's Door,Tennessee,2.5,,,,,12/2/2019,,,,,,,,,,,,,,,,,,,,,,
686,Bourbon,Finished,,Heaven's Door,Double Barrel,3.5,,,,,12/2/2019,,,,,,,,,,,,,,,,,,,,,,
687,Rye,Tennessee,,Heaven's Door,Rye,2.5,,,,,12/2/2019,,,,,,,,,,,,,,,,,,,,,,
688,Rye,,,Knob Creek,Single Barrel Rye,0,,,,6,12/2/2019,,,,,,,,,4,,,,,,,,,,,,,
689,Scotch,Highland,Sherry,Glengoyne,18,3.5,,,,18,12/5/2019,,,,,,,,,,,,,,,,,,,,,,
690,Scotch,Highland,Sherry,Glengoyne,21,3.5,,,,21,12/5/2019,,,,,,,,,,,,,,,,,,,,,,
691,Scotch,Speyside,Sherry,Tamdhu,12,4,,,,12,12/5/2019,,,,,,,,,,,,,,,,,,,,,,
692,Scotch,Speyside,Sherry,Tamdhu,15,4.5,,,,15,12/5/2019,,,,,,,,,,,,,,,,,,,,,,
693,Scotch,Speyside,Sherry,Tamdhu,Batch Strength,4.5,,4,,,12/5/2019,,,,,,,,,,,,,,,,,,,,,,
694,Scotch,Highland,Sherry,Glengoyne,Teapot Dram,4.5,,6,,,12/5/2019,,,,,,,,,,,,,,,,,,,,,,
695,Scotch,Highland,Sherry,Glengoyne,15,2.5,,,,15,12/5/2019,,,,,,,,,,,,,,,,,,,,,,
696,Scotch,Highland,Sherry,Glengoyne,10,3.5,,,,10,12/5/2019,,,,,,,,,,,,,,,,,,,,,,
697,Scotch,Highland,Sherry,Glengoyne,17,2.5,,,,17,12/5/2019,,,,,,,,,,,,,,,,,,,,,,
698,Scotch,Highland,,Edradour,Straight from the Cask Sherry,4.5,,,,10,12/5/2019,,,,,,,,,,,,,,,,,,,,,,
699,World,Taiwanese,Sherry,Kavalan,Solist,3,,,,,12/5/2019,,,,,,,,,,,,,,,,,,,,,,
700,Scotch,Blended Malt,Light Smoke,Cadenhead's,Campbeltown PBS,4,,,,,12/6/2019,,,,,,,,,,,,,,,,,,,,,,
701,Scotch,Campbeltown,,Glen Scotia,16,4,,,,16,12/6/2019,,,,,,,,,,,,,,,,,,,,,,
702,Scotch,Lowland,Medium Smoke,Aerstone,Land Cask,3.5,,,,,12/6/2019,,,,,,,,,,,,,,,,,,,,,,
703,Bourbon,Pennsylvania,,Wigle,,3,,,,,12/6/2019,,,,,,,,,,,,,,,,,,,,,,
704,Scotch,Highland,,Tullibardine,The Murray,4,,,,12,12/6/2019,,,,,,,,,,,,,,,,,,,,,,
705,Scotch,Single Grain,,Port Dundas,21 Sherry,2.5,Barrel to Bottle,,,21,12/20/2019,,,,,,,,,,,,,,,,,,,,,,
706,Scotch,Islay,Smoke,Ardbeg,Supernova,3.5,,,,,12/20/2019,,,,,,,,,,,,,,,,,,,,,,
707,Scotch,Single Grain,,Invergordon,29 American Oak,4,Barrel to Bottle,,,29,12/20/2019,,,,,,,,,,,,,,,,,,,,,,
708,Scotch,Island,,Highland Park,Full Volume,2.5,,,,,12/20/2019,,,,,,,,,,,,,,,,,,,,,,
709,Scotch,Speyside,Sherry,Macallan,15 Triple Cask,3,,,,15,12/20/2019,,,,,,,,,,,,,,,,,,,,,,
710,World,Czech,,GoldCock,2008 Single Grain,3,,,,,12/20/2019,,,,,,,,,,,,,,,,,,,,,,
711,Scotch,Islay,Smoke,Laphroaig,Select,2,,,,,12/20/2019,,,,,,,,,,,,,,,,,,,,,,
712,Flavored,Vermont,Maple,Vermont Spirits,No. 14,3.5,,,,,12/24/2019,,,,,,,,,,,,,,,,,,,,,,
713,Scotch,Blended,,Chivas Regal,18,2.5,,,,18,1/1/2020,,,,,,,,,,,,,,,,,,,,,,
714,Scotch,Blended,Sherry,Chivas Regal,Extra,3,,,,,1/1/2020,,,,,,,,,,,,,,,,,,,,,,
715,Scotch,Speyside,Sherry,Glenfarclas,25 CS,4.5,,,,25,1/3/2020,,,,,,,,,,,,,,,,,,,,,,
716,Scotch,Highland,Port,Dalmore,Port Wood,4,,,,,1/4/2020,,,,,,,,,,,,,,,,,,,,,,
717,Scotch,Blended,Smoke,Black Bottle,(Old Recipe),4,,,,,1/9/2020,,,,,,,,,,,,,,,,,,,,,,
718,Scotch,Blended,Smoke,Black Bottle,(New Recipe),3.5,,,,,1/9/2020,,,,,,,,,,,,,,,,,,,,,,
719,Bourbon,,,The Whisky Agency,Bourbon Style (Heaven Hill) 9,4.5,,,,9,1/9/2020,,,,,,,,,,,,,,,,,,,,,,
720,Scotch,Speyside,Sherry,Craigellachie,12,4.5,Berry Bros. & Rudd,2019,,12,1/9/2020,,,,,,,,,,,,,,,,,,,,,,
721,Scotch,Campbeltown,Medium Smoke/Port,Longrow,11 Port Cask,5,Cadenhead's,2007,,11,1/9/2020,,,,,,,,,,,,,,,,,,,,,,
722,Scotch,Highland,,Glen Garioch,12,3.5,,,,,1/9/2020,,,,,,,,,,,,,,,,,,,,,,
723,American,Oregon,Creative,Rogue,Dead Guy Whiskey,2.5,,,,,1/9/2020,,,,,,,,,,,,,,,,,,,,,,
724,American,Ohio,Creative,Smokin, ,3.5,,,,,1/9/2020,,,,,,,,,,,,,,,,,,,,,,
725,Bourbon,,,William Larue Weller,,4.5,,2017,,12,1/9/2020,,,,,,,,,,,,,,,,,,,,,,
726,Scotch,Highland,,Old Pulteney,52.27 Hot Sauce in a Washback 11,4,Scotch Malt Whisky Society,,,,1/9/2020,,,,,,,,,,,,,,,,,,,,,,
727,Scotch,Islay,Smoke,Laphroaig,18,2,,,,18,1/9/2020,,,,,,,,,,,,,,,,,,,,,,
728,Scotch,Speyside,,Linkwood,39.169 Yummy Rummy 29,3.5,Scotch Malt Whisky Society,,,29,1/9/2020,,,,,,,,,,,,,,,,,,,,,,
729,Scotch,Islay,,Bunnahabhain,28,4,Alexander Murray,,,28,1/9/2020,,,,,,,,,,,,,,,,,,,,,,
730,Scotch,Islay,Smoke,Bowmore,30,4,Single Cask Nation,,,30,1/9/2020,,,,,,,,,,,,,,,,,,,,,,
731,Bourbon,,,Old Fitzgerald,Bottled in Bond,3,,,,4,1/9/2020,,,,,,,,,,,,,,,,,,,,,,
732,Scotch,Blended,,Johnnie Walker,A Song of Fire,2.5,,,,,1/17/2020,,,,,,,,,,,,,,,,,,,,,,
733,Rye,,,Thomas H. Handy,,5,,2018,,6,1/19/2020,,,,,,,,,,,,,,,,,,,,,,
734,Scotch,Highland,Wine,Edradour,Straight from the Cask Sauternes,4.5,,,,,1/24/2020,,,,,,,,,,,,,,,,,,,,,,
735,Scotch,Highland,,Tomatin,12 French Oak,3,,,,,1/31/2020,,,,,,,,,,,,,,,,,,,,,,
736,Flavored,Irish,Coffee,Jameson,Cold Brew,3,,,,,2/19/2020,,,,,,,,,,,,,,,,,,,,,,
737,Scotch,Single Grain,,North of Scotland,1964 43,5,Scott's Selection,,,43,2/21/2020,,,,,,,,,,,,,,,,,,,,,,
738,Scotch,Speyside,Sherry,GlenAllachie,12,3.5,,,,12,2/21/2020,,,,,,,,,,,,,,,,,,,,,,
739,Scotch,Speyside,Sulphur,GlenAllachie,10,4,Battlehill,,,10,2/21/2020,,,,,,,,,,,,,,,,,,,,,,
740,Scotch,Highland,Sherry,Grangestone,25 Sherry,2.5,,,,,2/21/2020,,,,,,,,,,,,,,,,,,,,,,
741,Scotch,Speyside,,Tamnavulin,Double Cask,2,,,,,2/21/2020,,,,,,,,,,,,,,,,,,,,,,
742,Scotch,Highland,Wine,Glendronach,Sauternes 12,4,,,,,2/22/2020,,,,,,,,,,,,,,,,,,,,,,
743,Flavored,South Carolina,Apple,William Wolf,Apple,3.5,,,,,2/22/2020,,,,,,,,,,,,,,,,,,,,,,
744,Flavored,Rye,Creative,Slow & Low,Rock & Rye,2.5,,,,,2/29/2020,,,,,,,,,,,,,,,,,,,,,,
745,New Make,American Single Malt,,New Liberty,White Whiskey,3.5,,,,,3/5/2020,,,,,,,,,,,,,,,,,,,,,,
746,American,American/Irish,,New Liberty,Brothership,3,,,,,3/5/2020,,,,,,,,,,,,,,,,,,,,,,
747,Flavored,Chocolate,,New Liberty,Cacao,4,,,,,3/5/2020,,,,,,,,,,,,,,,,,,,,,,
748,Scotch,Speyside,,Craigellachie,9,4,Hepburn's Choice,2004,,9,3/6/2020,,,,,,,,,,,,,,,,,,,,,,
749,Scotch,Campbeltown,Smoke,Longrow,Peated,4,,,,,3/6/2020,,,,,,,,,,,,,,,,,,,,,,
750,Scotch,Lowland,,Auchentoshan,Distillery Cask Oloroso 8,4,,,,8,3/6/2020,,,,,,,,,,,,,,,,,,,,,,
751,Scotch,Blended Malt,,Michel Covreur,Overaged 12,2,,,,12,3/6/2020,,,,,,,,,,,,,,,,,,,,,,
752,Bourbon,Tennessee,,Kirkland,7,2.5,,,,7,3/13/2020,,,,,,,,,,,,,,,,,,,,,,
752,Flavored,Creative,,Skrewball,,4,,,,,3/20/2020,,,,,,,,,,,,,,,,,,,,,,
753,Rye,,,Knob Creek,Twice Barreled,2.5,,,,,3/23/2020,,,,,,,,,,,,,,,,,,,,,,
754,Bourbon,,,Jim Beam,Devil's Cut,3,,,,,4/20/2020,,,,,,,,,,,,,,,,,,,,,,
755,Rye,,,Rittenhouse,Bottled in Bond (Old Label),4,,,,4,5/3/2020,,,,,,,,,,,,,,,,,,,,,,
756,Bourbon,,,Russell's Reserve,Single Barrel,0,,,,,5/10/2020,,,,,,,,,,,,4.5,,,,,,,,,,
757,Scotch,Islay,Smoke/Sherry,Ardbeg,Wee Beastie 5,4,,,,5,5/11/2020,,,,,,,,,,,,,,,,,,,,,,
